cellosaurus_identifier,cellosaurus_accession,tumorcomparer_name,cell_line_cancer_type,tumor_cancer_type,mean_similarity_to_tumors_avg
201T,CVCL_X481,201T,LUAD,LUAD,0.51
22Rv1,CVCL_1045,22RV1,PRAD,PRAD,0.27
23132/87,CVCL_1046,23132-87,STAD,STAD,0.43
42-MG-BA,CVCL_1798,42-MG-BA,GBM,GBM,0.28
451Lu,CVCL_6357,451Lu,SKCM,SKCM,0.53
5637,CVCL_0126,5637,BLCA,BLCA,0.5
639V,CVCL_1048,639-V,BLCA,BLCA,0.37
647V,CVCL_1049,647-V,BLCA,BLCA,0.45
769-P,CVCL_1050,769-P,KIRC,KIRC,0.36
8-MG-BA,CVCL_1052,8-MG-BA,GBM,GBM,0.44
8305C,CVCL_1053,8305C,THCA,THCA,0.48
8505C,CVCL_1054,8505C,THCA,THCA,0.5
950-5-BIK,CVCL_A1UH,950-5-BIK,NA,NA,NA
95T1000,CVCL_WU67,95T1000,NA,NA,NA
A-1207,CVCL_8481,A-1207,NA,NA,NA
A-172,CVCL_0131,A172,GBM,GBM,0.28
A-1847,CVCL_9724,A-1847,NA,NA,NA
A-204,CVCL_1058,A-204,NA,NA,NA
A-253,CVCL_1060,A253,HNSC,HNSC,0.51
A-375,CVCL_0132,A375,SKCM,SKCM,0.52
A-388,CVCL_1063,A-388,NA,NA,NA
A-427,CVCL_1055,A427,LUAD,LUAD,0.37
A-431,CVCL_0037,A-431,NA,NA,NA
A-498,CVCL_1056,A498,KIRC,KIRC,0.43
A-549,CVCL_0023,A549,LUAD,LUAD,0.43
A-673,CVCL_0080,A-673,NA,NA,NA
A-704,CVCL_1065,A704,KIRC,KIRC,0.54
A101D,CVCL_1057,A101D,SKCM,SKCM,0.64
A2058,CVCL_1059,A2058,SKCM,SKCM,0.64
A2780,CVCL_0134,A2780,OV,OV,0.23
A3/Kawakami,CVCL_1062,A3-KAW,DLBC,DLBC,0.37
A4/Fukuda,CVCL_1064,A4/Fukuda,NA,NA,NA
A4573,CVCL_6245,A4573,NA,NA,NA
ABC-1,CVCL_1066,ABC-1,LUAD,LUAD,0.48
ACC-MESO-1,CVCL_5113,ACC-MESO-1,NA,NA,NA
ACHN,CVCL_1067,ACHN,KIRC,KIRC,0.55
ACN,CVCL_1068,ACN,NA,NA,NA
AGS,CVCL_0139,AGS,STAD,STAD,0.42
Akata 2A8,CVCL_6247,Akata 2A8,NA,NA,NA
ALL-PO,CVCL_1069,ALL-PO,NA,NA,NA
ALL-SIL,CVCL_1805,ALL-SIL,NA,NA,NA
AM-38,CVCL_1070,AM-38,GBM,GBM,0.24
AML-193,CVCL_1071,AML-193,NA,NA,NA
AMO1,CVCL_1806,AMO1,NA,NA,NA
AN3-CA,CVCL_0028,AN3-CA,UCEC,UCEC,0.39
ANGM-CSS,CVCL_2297,ANGM-CSS,NA,NA,NA
ARD,CVCL_XD83,ARD,NA,NA,NA
ARH-77,CVCL_1072,ARH-77,NA,NA,NA
ARP-1,CVCL_D523,ARP-1,NA,NA,NA
ASH-3,CVCL_2856,ASH-3,THCA,THCA,0.32
AsPC-1,CVCL_0152,AsPC-1,PAAD,PAAD,0.53
ASPS-1,CVCL_S738,ASPS-1,NA,NA,NA
ATN-1,CVCL_1073,ATN-1,NA,NA,NA
AU565,CVCL_1074,AU565,BRCA,BRCA,0.62
AZ-521,CVCL_2862,AZ-521,NA,NA,NA
B-CPAP,CVCL_0153,BCPAP,THCA,THCA,0.52
B2-17,CVCL_2864,B2-17,NA,NA,NA
BALL-1,CVCL_1075,BALL-1,NA,NA,NA
BB30-HNC,CVCL_1076,BB30-HNC,HNSC,HNSC,0.65
BB49-HNC,CVCL_1077,BB49-HNC,HNSC,HNSC,0.38
BB65-RCC,CVCL_1078,BB65-RCC,KIRC,KIRC,0.5
BC-1,CVCL_1079,BC-1,DLBC,DLBC,0.43
BC-2,CVCL_1856,BC-2,NA,NA,NA
BC-3,CVCL_1080,BC-3,NA,NA,NA
BC-3C,CVCL_1958,BC-3C,NA,NA,NA
BCBL-1,CVCL_0165,BCBL-1,NA,NA,NA
BCP-1,CVCL_0107,BCP-1,NA,NA,NA
BDCM,CVCL_4613,BDCM,NA,NA,NA
BE-13,CVCL_1081,BE-13,NA,NA,NA
Becker,CVCL_1093,Becker,LGG,LGG,0.3
BEN,CVCL_1082,BEN,NA,NA,NA
BFTC-905,CVCL_1083,BFTC-905,BLCA,BLCA,0.45
BFTC-909,CVCL_1084,BFTC-909,KIRC,KIRC,0.33
BHT-101,CVCL_1085,BHT-101,THCA,THCA,0.49
BHY,CVCL_1086,BHY,NA,NA,NA
BICR 10,CVCL_2307,BICR 10,NA,NA,NA
BICR 16,CVCL_2308,BICR 16,NA,NA,NA
BICR 18,CVCL_2309,BICR 18,NA,NA,NA
BICR 22,CVCL_2310,BICR 22,NA,NA,NA
BICR 31,CVCL_2312,BICR 31,NA,NA,NA
BICR 56,CVCL_2313,BICR 56,NA,NA,NA
BICR 6,CVCL_2314,BICR 6,NA,NA,NA
BICR 78,CVCL_2315,BICR 78,NA,NA,NA
BIN-67,CVCL_S987,BIN-67,NA,NA,NA
BJ1-hTERT,CVCL_6573,BJ1-hTERT,NA,NA,NA
BJAB,CVCL_5711,BJAB,NA,NA,NA
BL-2,CVCL_1966,BL-2,NA,NA,NA
BL-41,CVCL_1087,BL-41,NA,NA,NA
BL-70,CVCL_1088,BL-70,NA,NA,NA
BLUE-1,CVCL_1967,BLUE-1,NA,NA,NA
BOKU,CVCL_1089,BOKU,NA,NA,NA
BONNA-12,CVCL_1090,BONNA-12,NA,NA,NA
BPH-1,CVCL_1091,BPH-1,NA,NA,NA
BT-16,CVCL_M156,BT-16,NA,NA,NA
BT-20,CVCL_0178,BT-20,BRCA,BRCA,0.59
BT-474,CVCL_0179,BT-474,BRCA,BRCA,0.7
BT-483,CVCL_2319,BT-483,BRCA,BRCA,0.68
BT-549,CVCL_1092,BT-549,BRCA,BRCA,0.46
BT054,CVCL_N707,BT054,NA,NA,NA
BT088,CVCL_N708,BT088,NA,NA,NA
BT142,CVCL_D718,BT142,NA,NA,NA
BV-173,CVCL_0181,BV-173,NA,NA,NA
BxPC-3,CVCL_0186,BxPC-3,PAAD,PAAD,0.48
C-33 A,CVCL_1094,C-33-A,CESC,CESC,0.29
C-4-I,CVCL_2253,C-4-I,CESC,CESC,0.35
C-4-II,CVCL_1095,C-4-II,NA,NA,NA
C10,CVCL_5245,C10,NA,NA,NA
C2BBe1,CVCL_1096,C2BBe1,COAD,COAD,0.44
C75,CVCL_5248,C75,NA,NA,NA
C80,CVCL_5249,C80,NA,NA,NA
C8166,CVCL_1099,C8166,NA,NA,NA
C84,CVCL_5250,C84,NA,NA,NA
C99,CVCL_8176,C99,NA,NA,NA
Ca Ski,CVCL_1100,Ca-Ski,CESC,CESC,0.54
CA46,CVCL_1101,CA46,NA,NA,NA
Ca9-22,CVCL_1102,Ca9-22,HNSC,HNSC,0.67
Caco-2,CVCL_0025,Caco-2,NA,NA,NA
CADO-ES1,CVCL_1103,CADO-ES1,NA,NA,NA
Caki-1,CVCL_0234,CAKI-1,KIRC,KIRC,0.33
Caki-2,CVCL_0235,Caki-2,NA,NA,NA
CAL-1 [Human plasmacytoid dendritic],CVCL_5G46,CAL-1 [Human plasmacytoid dendritic],NA,NA,NA
CAL-120,CVCL_1104,CAL-120,BRCA,BRCA,0.24
CAL-12T,CVCL_1105,CAL-12T,NA,NA,NA
CAL-148,CVCL_1106,CAL-148,BRCA,BRCA,0.45
CAL-27,CVCL_1107,CAL-27,NA,NA,NA
CAL-29,CVCL_1808,CAL-29,BLCA,BLCA,0.55
CAL-33,CVCL_1108,CAL-33,NA,NA,NA
CAL-39,CVCL_1109,CAL-39,NA,NA,NA
CAL-51,CVCL_1110,CAL-51,BRCA,BRCA,0.16
CAL-54,CVCL_1111,CAL-54,KIRC,KIRC,0.38
CAL-62,CVCL_1112,CAL-62,THCA,THCA,0.25
CAL-72,CVCL_1113,CAL-72,NA,NA,NA
CAL-78,CVCL_1809,CAL-78,NA,NA,NA
CAL-85-1,CVCL_1114,CAL-85-1,BRCA,BRCA,0.66
Calu-1,CVCL_0608,Calu-1,NA,NA,NA
Calu-3,CVCL_0609,Calu-3,LUAD,LUAD,0.43
Calu-6,CVCL_0236,Calu-6,NA,NA,NA
CAMA-1,CVCL_1115,CAMA-1,BRCA,BRCA,0.61
Caov-2,CVCL_6861,Caov-2,NA,NA,NA
Caov-3,CVCL_0201,Caov-3,NA,NA,NA
Caov-4,CVCL_0202,Caov-4,OV,OV,0.32
Capan-1,CVCL_0237,CAPAN-1,PAAD,PAAD,0.6
Capan-2,CVCL_0026,Capan-2,PAAD,PAAD,0.46
CaR-1,CVCL_1116,CaR-1,READ,READ,0.39
CAS-1,CVCL_1117,CAS-1,GBM,GBM,0.55
CC-LP-1,CVCL_0205,CC-LP-1,NA,NA,NA
CC-SW-1,CVCL_A429,CC-SW-1,NA,NA,NA
CCA,CVCL_N717,CCA,NA,NA,NA
CCD-1103 KIDTr,CVCL_3298,CCD-1103 KIDTr,NA,NA,NA
CCD-1105 KIDTr,CVCL_3299,CCD-1105 KIDTr,NA,NA,NA
CCF-STTG1,CVCL_1118,CCF-STTG1,LGG,LGG,0.34
CCK-81,CVCL_2873,CCK-81,COAD,COAD,0.45
CCLF-PEDS-0003-T,CVCL_B3PL,CCLF-PEDS-0003-T,NA,NA,NA
CCLF-PEDS-0008-T,CVCL_B3PM,CCLF-PEDS-0008-T,NA,NA,NA
CCRF-CEM,CVCL_0207,CCRF-CEM,NA,NA,NA
CCRF-HSB-2,CVCL_1859,CCRF-HSB-2,NA,NA,NA
CESS,CVCL_0209,CESS,LAML,LAML,0.28
CFPAC-1,CVCL_1119,CFPAC-1,PAAD,PAAD,0.59
CGTH-W-1,CVCL_1120,CGTH-W-1,THCA,THCA,0.23
CH-157MN,CVCL_5723,CH-157MN,NA,NA,NA
CHA59,CVCL_GZ61,CHA59,NA,NA,NA
ChaGo-K-1,CVCL_1121,ChaGo-K-1,NA,NA,NA
Chang Liver,CVCL_0238,Chang Liver,NA,NA,NA
CHL-1,CVCL_1122,CHL-1,SKCM,SKCM,0.4
CHLA-06-ATRT,CVCL_AQ42,CHLA-06-ATRT,NA,NA,NA
CHLA-10,CVCL_6583,CHLA-10,NA,NA,NA
CHLA-15,CVCL_6594,CHLA-15,NA,NA,NA
CHLA-25,CVCL_M152,CHLA-25,NA,NA,NA
CHLA-258,CVCL_A058,CHLA-258,NA,NA,NA
CHLA-266,CVCL_M149,CHLA-266,NA,NA,NA
CHLA-32,CVCL_M151,CHLA-32,NA,NA,NA
CHLA-57,CVCL_0B49,CHLA-57,NA,NA,NA
CHLA-9,CVCL_M150,CHLA-9,NA,NA,NA
CHP-100,CVCL_7166,CHP-100,NA,NA,NA
CHP-100L,CVCL_IV94,CHP-100L,NA,NA,NA
CHP-126,CVCL_1123,CHP-126,NA,NA,NA
CHP-134,CVCL_1124,CHP-134,NA,NA,NA
CHP-212,CVCL_1125,CHP-212,NA,NA,NA
CHSA0011,CVCL_X483,CHSA0011,NA,NA,NA
CHSA0108,CVCL_X484,CHSA0108,NA,NA,NA
CHSA8926,CVCL_X485,CHSA8926,NA,NA,NA
CI,CVCL_Y548,CI,NA,NA,NA
Ci-1,CVCL_1861,Ci-1,NA,NA,NA
CII,CVCL_0D73,CII,NA,NA,NA
CL-11,CVCL_1978,CL-11,COAD,COAD,0.52
CL-14,CVCL_1979,CL-14,NA,NA,NA
CL-34,CVCL_1980,CL-34,COAD,COAD,0.55
CL-40,CVCL_1982,CL-40,COAD,COAD,0.55
CLS-439,CVCL_5982,CLS-439,NA,NA,NA
CME-1,CVCL_N586,CME-1,NA,NA,NA
CMK,CVCL_0216,CMK,LAML,LAML,0.43
CMK-11-5,CVCL_0217,CMK-11-5,NA,NA,NA
CMK-86,CVCL_2804,CMK-86,NA,NA,NA
CML-T1,CVCL_1126,CML-T1,NA,NA,NA
COG-AR-359,CVCL_RS25,COG-AR-359,NA,NA,NA
COG-E-352,CVCL_M153,COG-E-352,NA,NA,NA
COG-N-278,CVCL_AX49,COG-N-278,NA,NA,NA
COG-N-305,CVCL_AX42,COG-N-305,NA,NA,NA
COLO 201,CVCL_1987,COLO 201,NA,NA,NA
COLO 205,CVCL_0218,COLO-205,COAD,COAD,0.55
COLO 320,CVCL_1989,COLO 320,NA,NA,NA
COLO 320HSR,CVCL_0220,COLO-320-HSR,COAD,COAD,0.47
COLO 668,CVCL_1128,COLO 668,NA,NA,NA
COLO 677,CVCL_1862,COLO 677,NA,NA,NA
COLO 678,CVCL_1129,COLO-678,COAD,COAD,0.44
COLO 679,CVCL_1130,COLO-679,SKCM,SKCM,0.68
COLO 680N,CVCL_1131,COLO-680N,ESCA,ESCA,0.57
COLO 684,CVCL_1132,COLO-684,UCEC,UCEC,0.44
COLO 699,CVCL_1992,COLO 699,NA,NA,NA
COLO 704,CVCL_1994,COLO 704,NA,NA,NA
COLO 720E,CVCL_1995,COLO 720E,NA,NA,NA
COLO 741,CVCL_1133,COLO 741,NA,NA,NA
COLO 775,CVCL_1996,COLO 775,NA,NA,NA
COLO 783,CVCL_1997,COLO-783,SKCM,SKCM,0.43
COLO 792,CVCL_1134,COLO-792,SKCM,SKCM,0.43
COLO 800,CVCL_1135,COLO-800,SKCM,SKCM,0.45
COLO 818,CVCL_1998,COLO 818,NA,NA,NA
COLO 824,CVCL_1136,COLO-824,BRCA,BRCA,0.28
COLO 829,CVCL_1137,COLO-829,SKCM,SKCM,0.63
COLO 849,CVCL_2002,COLO 849,NA,NA,NA
COR-L105,CVCL_1138,COR-L105,LUAD,LUAD,0.31
COR-L23,CVCL_1139,COR-L23,NA,NA,NA
COR-L24,CVCL_2409,COR-L24,NA,NA,NA
COR-L279,CVCL_1140,COR-L279,NA,NA,NA
COR-L303,CVCL_2411,COR-L303,NA,NA,NA
COR-L311,CVCL_2412,COR-L311,NA,NA,NA
COR-L32,CVCL_2413,COR-L32,LUSC,LUSC,0.24
COR-L321,CVCL_2414,COR-L321,NA,NA,NA
COR-L47,CVCL_2415,COR-L47,NA,NA,NA
COR-L51,CVCL_2416,COR-L51,NA,NA,NA
COR-L88,CVCL_1141,COR-L88,NA,NA,NA
COR-L95,CVCL_2418,COR-L95,NA,NA,NA
COR-L96-CAR,CVCL_1142,COR-L96-CAR,NA,NA,NA
COV318,CVCL_2419,COV318,NA,NA,NA
COV362,CVCL_2420,COV362,NA,NA,NA
COV413A,CVCL_2422,COV413A,NA,NA,NA
COV434,CVCL_2010,COV434,NA,NA,NA
COV504,CVCL_2424,COV504,NA,NA,NA
COV644,CVCL_2425,COV644,NA,NA,NA
CP50-MEL-B,CVCL_1143,CP50-MEL-B,SKCM,SKCM,0.59
CP66-MEL,CVCL_1144,CP66-MEL,SKCM,SKCM,0.6
CP67-MEL,CVCL_1145,CP67-MEL,NA,NA,NA
CPC-N,CVCL_1146,CPC-N,NA,NA,NA
CRO-AP2,CVCL_1147,CRO-AP2,DLBC,DLBC,0.25
CRO-AP3,CVCL_1810,CRO-AP3,NA,NA,NA
CRO-AP5,CVCL_1148,CRO-AP5,NA,NA,NA
CS-1 [Human chondrosarcoma],CVCL_T023,CS-1 [Human chondrosarcoma],NA,NA,NA
CTB-1,CVCL_1149,CTB-1,DLBC,DLBC,0.57
CTV-1,CVCL_1150,CTV-1,NA,NA,NA
CW-2,CVCL_1151,CW-2,COAD,COAD,0.25
CW9019,CVCL_N820,CW9019,NA,NA,NA
CX-1,CVCL_2011,CX-1,NA,NA,NA
D-245MG,CVCL_1152,D-245MG,NA,NA,NA
D-247MG,CVCL_1153,D-247MG,NA,NA,NA
D-263MG,CVCL_1154,D-263MG,GBM,GBM,0.41
D-336MG,CVCL_1156,D-336MG,GBM,GBM,0.5
D-392MG,CVCL_1158,D-392MG,GBM,GBM,0.58
D-397MG,CVCL_1159,D-397MG,NA,NA,NA
D-423MG,CVCL_1160,D-423MG,GBM,GBM,0.5
D-502MG,CVCL_1162,D-502MG,GBM,GBM,0.48
D-538MG,CVCL_1163,D-538MG,NA,NA,NA
D-542MG,CVCL_1164,D-542MG,GBM,GBM,0.52
D-566MG,CVCL_1166,D-566MG,GBM,GBM,0.47
D10,CVCL_H945,D10,NA,NA,NA
D283 Med,CVCL_1155,D283 Med,NA,NA,NA
D341 Med,CVCL_0018,D341 Med,NA,NA,NA
D384 Med,CVCL_1157,D384 Med,NA,NA,NA
D425 Med,CVCL_1275,D425 Med,NA,NA,NA
D458 Med,CVCL_1161,D458 Med,NA,NA,NA
D556 Med,CVCL_1165,D556 Med,NA,NA,NA
DAN-G,CVCL_0243,DAN-G,PAAD,PAAD,0.51
Daoy,CVCL_1167,Daoy,NA,NA,NA
Daudi,CVCL_0008,Daudi,NA,NA,NA
DB,CVCL_1168,DB,DLBC,DLBC,0.33
DBTRG-05MG,CVCL_1169,DBTRG-05MG,GBM,GBM,0.27
DEL,CVCL_1170,DEL,NA,NA,NA
delta-47,CVCL_2887,delta-47,NA,NA,NA
DERL-2,CVCL_2016,DERL-2,NA,NA,NA
Detroit 562,CVCL_1171,Detroit562,HNSC,HNSC,0.57
DFCI024,CVCL_A762,DFCI024,NA,NA,NA
DFCI032,CVCL_A763,DFCI032,NA,NA,NA
DG-75,CVCL_0244,DG-75,NA,NA,NA
DiFi,CVCL_6895,DiFi,NA,NA,NA
DJM-1,CVCL_1172,DJM-1,NA,NA,NA
DK-MG,CVCL_1173,DK-MG,GBM,GBM,0.38
DLD-1,CVCL_0248,DLD-1,NA,NA,NA
DM-3,CVCL_2019,DM-3,NA,NA,NA
DMS 114,CVCL_1174,DMS 114,NA,NA,NA
DMS 153,CVCL_1175,DMS 153,NA,NA,NA
DMS 187,CVCL_Z041,DMS 187,NA,NA,NA
DMS 273,CVCL_1176,DMS 273,NA,NA,NA
DMS 454,CVCL_2438,DMS 454,NA,NA,NA
DMS 53,CVCL_1177,DMS 53,NA,NA,NA
DMS 79,CVCL_1178,DMS 79,NA,NA,NA
DND-41,CVCL_2022,DND-41,NA,NA,NA
DoHH2,CVCL_1179,DOHH-2,DLBC,DLBC,0.43
DOK,CVCL_1180,DOK,NA,NA,NA
DoTc2 4510,CVCL_1181,DoTc2-4510,CESC,CESC,0.43
DOV13,CVCL_6774,DOV13,OV,OV,0.25
DSH1,CVCL_1182,DSH1,BLCA,BLCA,0.5
DU145,CVCL_0105,DU-145,PRAD,PRAD,0.26
DU4475,CVCL_1183,DU-4475,BRCA,BRCA,0.26
DV-90,CVCL_1184,DV-90,NA,NA,NA
EB1,CVCL_2027,EB1,NA,NA,NA
EB2,CVCL_1186,EB2,NA,NA,NA
EB3 [Human Burkitt lymphoma],CVCL_1185,EB3 [Human Burkitt lymphoma],NA,NA,NA
EBC-1,CVCL_2891,EBC-1,LUSC,LUSC,0.54
EC-GI-10,CVCL_1187,EC-GI-10,ESCA,ESCA,0.63
ECC10,CVCL_1188,ECC10,STAD,STAD,0.33
ECC12,CVCL_1189,ECC12,STAD,STAD,0.53
ECC2,CVCL_A1UI,ECC2,NA,NA,NA
ECC4,CVCL_1190,ECC4,NA,NA,NA
EFE-184,CVCL_1191,EFE-184,NA,NA,NA
EFM-19,CVCL_0253,EFM-19,BRCA,BRCA,0.69
EFM-192A,CVCL_1812,EFM-192A,BRCA,BRCA,0.63
EFO-21,CVCL_0029,EFO-21,OV,OV,0.31
EFO-27,CVCL_1192,EFO-27,OV,OV,0.25
EGI-1,CVCL_1193,EGI-1,NA,NA,NA
EHEB,CVCL_1194,EHEB,NA,NA,NA
EI,CVCL_F958,EI,NA,NA,NA
EJM,CVCL_2030,EJM,NA,NA,NA
EKVX,CVCL_1195,EKVX,NA,NA,NA
EM-2,CVCL_1196,EM-2,NA,NA,NA
EMC-BAC-1,CVCL_X486,EMC-BAC-1,NA,NA,NA
EMC-BAC-2,CVCL_X487,EMC-BAC-2,NA,NA,NA
EMTOKA,CVCL_E115,EMTOKA,NA,NA,NA
EN,CVCL_2034,EN,UCEC,UCEC,0.3
EN-1078D,CVCL_A423,EN-1078D,NA,NA,NA
EoL-1,CVCL_0258,EoL-1-cell,LAML,LAML,0.31
EPLC-272H,CVCL_1197,EPLC-272H,NA,NA,NA
ES-5838,CVCL_6255,ES-5838,NA,NA,NA
ES1,CVCL_1198,ES1,NA,NA,NA
ESO-26,CVCL_2035,ESO-26,NA,NA,NA
ESO-51,CVCL_2036,ESO-51,NA,NA,NA
ESS-1,CVCL_1205,ESS-1,NA,NA,NA
ETK-1,CVCL_1206,ETK-1,NA,NA,NA
ETN-1,CVCL_7954,ETN-1,NA,NA,NA
Evsa-T,CVCL_1207,EVSA-T,BRCA,BRCA,0.48
EW 7476,CVCL_EQ72,EW 7476,NA,NA,NA
EW-1,CVCL_1208,EW-1,NA,NA,NA
EW-11,CVCL_1209,EW-11,NA,NA,NA
EW-12,CVCL_1210,EW-12,NA,NA,NA
EW-13,CVCL_1211,EW-13,NA,NA,NA
EW-16,CVCL_1212,EW-16,NA,NA,NA
EW-18,CVCL_1213,EW-18,NA,NA,NA
EW-22,CVCL_1214,EW-22,NA,NA,NA
EW-24,CVCL_1215,EW-24,NA,NA,NA
EW-3,CVCL_1216,EW-3,NA,NA,NA
EW-7,CVCL_1217,EW-7,NA,NA,NA
EW-8,CVCL_V618,EW-8,NA,NA,NA
EWS-502,CVCL_S740,EWS-502,NA,NA,NA
F-36P,CVCL_2037,F-36P,NA,NA,NA
FaDu,CVCL_1218,FADU,HNSC,HNSC,0.52
Farage,CVCL_3302,Farage,DLBC,DLBC,0.39
FE-PD,CVCL_H614,FE-PD,NA,NA,NA
FLO-1,CVCL_2045,FLO-1,NA,NA,NA
FR4,CVCL_M505,FR4,NA,NA,NA
FTC-133,CVCL_1219,FTC-133,THCA,THCA,0.16
FTC-238,CVCL_2447,FTC-238,NA,NA,NA
FU-OV-1,CVCL_2047,FU-OV-1,OV,OV,0.62
Fu97,CVCL_2908,FU97,STAD,STAD,0.26
G-292 clone A141B1,CVCL_2909,G-292 clone A141B1,NA,NA,NA
G-361,CVCL_1220,G-361,SKCM,SKCM,0.66
G-401,CVCL_0270,G-401,NA,NA,NA
G-402,CVCL_1221,G-402,NA,NA,NA
G-mel,CVCL_W798,G-MEL,SKCM,SKCM,0.56
GA-10,CVCL_1222,GA-10,NA,NA,NA
GA-10 clone 20,CVCL_1223,GA-10 clone 20,NA,NA,NA
GA-10 clone 4,CVCL_1224,GA-10 clone 4,NA,NA,NA
GAK,CVCL_1225,GAK,SKCM,SKCM,0.65
GaMG,CVCL_1226,GAMG,GBM,GBM,0.53
GB-1,CVCL_1227,GB-1,GBM,GBM,0.38
GBM1,CVCL_DG57,GBM1,NA,NA,NA
GCIY,CVCL_1228,GCIY,STAD,STAD,0.53
GCT,CVCL_1229,GCT,NA,NA,NA
GDM-1,CVCL_1230,GDM-1,LAML,LAML,0.34
GEO,CVCL_0271,GEO,NA,NA,NA
GI-1,CVCL_1231,GI-1,NA,NA,NA
GI-ME-N,CVCL_1232,GI-ME-N,NA,NA,NA
GMS-10,CVCL_1233,GMS-10,GBM,GBM,0.5
GOS-3,CVCL_2050,GOS-3,NA,NA,NA
GOTO,CVCL_1234,GOTO,NA,NA,NA
GOTO.P3,CVCL_2911,GOTO.P3,NA,NA,NA
GP2d,CVCL_2450,GP2d,NA,NA,NA
GP5d,CVCL_1235,GP5d,COAD,COAD,0.52
GR-M,CVCL_2451,GR-M,NA,NA,NA
GR-ST,CVCL_1236,GR-ST,NA,NA,NA
Granta-519,CVCL_1818,GRANTA-519,DLBC,DLBC,0.43
GSC17,CVCL_DR57,GSC17,NA,NA,NA
GSS,CVCL_8876,GSS,NA,NA,NA
GSU,CVCL_8877,GSU,NA,NA,NA
GT3TKB,CVCL_1237,GT3TKB,NA,NA,NA
H-EMC-SS,CVCL_1238,H-EMC-SS,NA,NA,NA
H103,CVCL_2457,H103,NA,NA,NA
H357,CVCL_2462,H357,NA,NA,NA
H376,CVCL_2463,H376,NA,NA,NA
H413,CVCL_2465,H413,NA,NA,NA
HA7-RCC,CVCL_1241,HA7-RCC,KIRC,KIRC,0.55
HAL-01,CVCL_1242,HAL-01,NA,NA,NA
HAP1,CVCL_Y019,HAP1,NA,NA,NA
HB-CLS-1,CVCL_6213,HB-CLS-1,NA,NA,NA
HB-CLS-2,CVCL_6214,HB-CLS-2,NA,NA,NA
HB11;19,CVCL_8227,HB11;19,NA,NA,NA
HBL-1 [Human diffuse large B-cell lymphoma],CVCL_4213,HBL-1 [Human diffuse large B-cell lymphoma],NA,NA,NA
HC-1,CVCL_1243,HC-1,NA,NA,NA
HCA1,CVCL_2916,HCA1,NA,NA,NA
HCC-56,CVCL_2917,HCC-56,COAD,COAD,0.58
HCC1143,CVCL_1245,HCC1143,BRCA,BRCA,0.6
HCC1171,CVCL_5126,HCC1171,NA,NA,NA
HCC1187,CVCL_1247,HCC1187,BRCA,BRCA,0.52
HCC1195,CVCL_5127,HCC1195,NA,NA,NA
HCC1313,CVCL_L087,HCC1313,NA,NA,NA
HCC1359,CVCL_5128,HCC1359,NA,NA,NA
HCC1395,CVCL_1249,HCC1395,BRCA,BRCA,0.61
HCC1419,CVCL_1251,HCC1419,BRCA,BRCA,0.63
HCC1428,CVCL_1252,HCC1428,BRCA,BRCA,0.32
HCC1438,CVCL_L088,HCC1438,NA,NA,NA
HCC15,CVCL_2057,HCC-15,LUSC,LUSC,0.29
HCC1500,CVCL_1254,HCC1500,BRCA,BRCA,0.46
HCC1569,CVCL_1255,HCC1569,BRCA,BRCA,0.46
HCC1588,CVCL_A351,HCC1588,NA,NA,NA
HCC1599,CVCL_1256,HCC1599,BRCA,BRCA,0.38
HCC1806,CVCL_1258,HCC1806,BRCA,BRCA,0.52
HCC1833,CVCL_5129,HCC1833,NA,NA,NA
HCC1897,CVCL_V578,HCC1897,NA,NA,NA
HCC193,CVCL_5130,HCC193,NA,NA,NA
HCC1937,CVCL_0290,HCC1937,BRCA,BRCA,0.65
HCC1954,CVCL_1259,HCC1954,BRCA,BRCA,0.59
HCC202,CVCL_2062,HCC202,BRCA,BRCA,0.56
HCC2108,CVCL_A352,HCC2108,NA,NA,NA
HCC2157,CVCL_1261,HCC2157,BRCA,BRCA,0.69
HCC2218,CVCL_1263,HCC2218,BRCA,BRCA,0.4
HCC2279,CVCL_5131,HCC2279,NA,NA,NA
HCC2374,CVCL_A353,HCC2374,NA,NA,NA
HCC2429,CVCL_5132,HCC2429,NA,NA,NA
HCC2433,CVCL_V599,HCC2433,NA,NA,NA
HCC2450,CVCL_5133,HCC2450,NA,NA,NA
HCC2814,CVCL_V586,HCC2814,NA,NA,NA
HCC2935,CVCL_1265,HCC2935,NA,NA,NA
HCC2998,CVCL_1266,HCC2998,COAD,COAD,0.53
HCC3051,CVCL_V582,HCC3051,NA,NA,NA
HCC33,CVCL_2058,HCC33,NA,NA,NA
HCC364,CVCL_5134,HCC364,NA,NA,NA
HCC366,CVCL_2059,HCC366,NA,NA,NA
HCC38,CVCL_1267,HCC38,BRCA,BRCA,0.58
HCC4000,CVCL_9Z04,HCC4000,NA,NA,NA
HCC4001,CVCL_9Z05,HCC4001,NA,NA,NA
HCC4002,CVCL_9Z06,HCC4002,NA,NA,NA
HCC4003,CVCL_9Z07,HCC4003,NA,NA,NA
HCC4004,CVCL_9Z08,HCC4004,NA,NA,NA
HCC4005,CVCL_9Z09,HCC4005,NA,NA,NA
HCC4006,CVCL_1269,HCC4006,NA,NA,NA
HCC4011,CVCL_S700,HCC4011,NA,NA,NA
HCC4017,CVCL_V579,HCC4017,NA,NA,NA
HCC4018,CVCL_V580,HCC4018,NA,NA,NA
HCC4019,CVCL_V581,HCC4019,NA,NA,NA
HCC44,CVCL_2060,HCC-44,LUAD,LUAD,0.41
HCC461,CVCL_5135,HCC461,NA,NA,NA
HCC515,CVCL_5136,HCC515,NA,NA,NA
HCC70,CVCL_1270,HCC70,BRCA,BRCA,0.49
HCC78,CVCL_2061,HCC-78,LUAD,LUAD,0.64
HCC827,CVCL_2063,HCC-827,LUAD,LUAD,0.52
HCC827 GR5,CVCL_V622,HCC827 GR5,NA,NA,NA
HCC95,CVCL_5137,HCC95,NA,NA,NA
HCC970,CVCL_A354,HCC970,NA,NA,NA
HCE-4,CVCL_1271,HCE-4,ESCA,ESCA,0.6
HCE-7,CVCL_5138,HCE-7,NA,NA,NA
HCS-2,CVCL_2918,HCS-2,NA,NA,NA
HCT 116,CVCL_0291,HCT-116,COAD,COAD,0.42
HCT 15,CVCL_0292,HCT-15,COAD,COAD,0.5
HCT 8,CVCL_2478,HCT 8,NA,NA,NA
HD-MY-Z,CVCL_1273,HD-MY-Z,NA,NA,NA
HDLM-2,CVCL_0009,HDLM-2,NA,NA,NA
HDQ-P1,CVCL_2067,HDQ-P1,BRCA,BRCA,0.56
HEC-1,CVCL_1274,HEC-1,UCEC,UCEC,0.31
HEC-1-A,CVCL_0293,HEC-1-A,NA,NA,NA
HEC-1-B,CVCL_0294,HEC-1-B,NA,NA,NA
HEC-108,CVCL_2923,HEC-108,NA,NA,NA
HEC-116,CVCL_2924,HEC-116,NA,NA,NA
HEC-151,CVCL_2925,HEC-151,NA,NA,NA
HEC-251,CVCL_2927,HEC-251,NA,NA,NA
HEC-265,CVCL_2928,HEC-265,NA,NA,NA
HEC-50B,CVCL_2929,HEC-50B,NA,NA,NA
HEC-59,CVCL_2930,HEC-59,NA,NA,NA
HEC-6,CVCL_2931,HEC-6,NA,NA,NA
HEC-88nu,CVCL_2932,HEC-88nu,NA,NA,NA
HEK TE,CVCL_WS59,HEK TE,NA,NA,NA
HEK293,CVCL_0045,HEK293,NA,NA,NA
HEK293T,CVCL_0063,HEK293T,NA,NA,NA
HEL,CVCL_0001,HEL,LAML,LAML,0.46
HEL 92.1.7,CVCL_2481,HEL 92.1.7,NA,NA,NA
HeLa,CVCL_0030,HeLa,CESC,CESC,0.21
HeLaSF,CVCL_1278,HeLaSF,NA,NA,NA
Hep 3B2.1-7,CVCL_0326,Hep 3B2.1-7,NA,NA,NA
Hep-G2,CVCL_0027,Hep-G2,NA,NA,NA
Hep-G2/C3A,CVCL_1098,Hep-G2/C3A,NA,NA,NA
HEY,CVCL_0297,Hey,OV,OV,0.35
HEY A8,CVCL_8878,HEY A8,NA,NA,NA
HG-3,CVCL_Y547,HG-3,NA,NA,NA
HGC-27,CVCL_1279,HGC-27,STAD,STAD,0.24
HKA-1,CVCL_2943,HKA-1,NA,NA,NA
HKGZ-CC,CVCL_E329,HKGZ-CC,NA,NA,NA
HL-60,CVCL_0002,HL-60,LAML,LAML,0.24
HLE,CVCL_1281,HLE,LIHC,LIHC,0.2
HLF,CVCL_2947,HLF,NA,NA,NA
HLF-a,CVCL_2255,HLF-a,NA,NA,NA
HLY-1,CVCL_H207,HLY-1,NA,NA,NA
HMC-1-8,CVCL_2949,HMC-1-8,NA,NA,NA
HMCB,CVCL_3317,HMCB,NA,NA,NA
HMEL,CVCL_IZ34,HMEL,NA,NA,NA
HMV-II,CVCL_1282,HMV-II,SKCM,SKCM,0.49
HMY-1,CVCL_2950,HMY-1,NA,NA,NA
HN,CVCL_1283,HN,NA,NA,NA
HN-5,CVCL_8128,HN-5,NA,NA,NA
HNT-34,CVCL_2071,HNT-34,NA,NA,NA
HO-1-N-1,CVCL_1284,HO-1-N-1,NA,NA,NA
HO-1-u-1,CVCL_2784,HO-1-u-1,NA,NA,NA
HOC-1,CVCL_5454,HOC-1,NA,NA,NA
HOC-7,CVCL_5455,HOC-7,NA,NA,NA
HOC-8,CVCL_5456,HOC-8,NA,NA,NA
HOP-62,CVCL_1285,HOP-62,LUAD,LUAD,0.52
HOP-92,CVCL_1286,HOP-92,NA,NA,NA
HOS,CVCL_0312,HOS,NA,NA,NA
HOSC1,CVCL_IW50,HOSC1,NA,NA,NA
HPAC,CVCL_3517,HPAC,PAAD,PAAD,0.51
HPAF-II,CVCL_0313,HPAF-II,PAAD,PAAD,0.53
HPB-ALL,CVCL_1820,HPB-ALL,NA,NA,NA
Hs 132.T,CVCL_0648,Hs 132.T,NA,NA,NA
Hs 172.T,CVCL_0660,Hs 172.T,NA,NA,NA
Hs 229.T,CVCL_0698,Hs 229.T,NA,NA,NA
Hs 255.T,CVCL_0707,Hs 255.T,NA,NA,NA
Hs 274.T,CVCL_0711,Hs 274.T,NA,NA,NA
Hs 281.T,CVCL_0715,Hs 281.T,NA,NA,NA
Hs 294T,CVCL_0331,Hs 294T,NA,NA,NA
Hs 343.T,CVCL_0726,Hs 343.T,NA,NA,NA
Hs 414.T,CVCL_0755,Hs 414.T,NA,NA,NA
Hs 445,CVCL_0761,Hs 445,NA,NA,NA
Hs 571.T,CVCL_0802,Hs 571.T,NA,NA,NA
Hs 578T,CVCL_0332,Hs-578-T,BRCA,BRCA,0.47
Hs 600.T,CVCL_0814,Hs 600.T,NA,NA,NA
Hs 604.T,CVCL_0816,Hs 604.T,NA,NA,NA
Hs 606.T,CVCL_0819,Hs 606.T,NA,NA,NA
Hs 611.T,CVCL_0823,Hs 611.T,NA,NA,NA
Hs 616.T,CVCL_0825,Hs 616.T,NA,NA,NA
Hs 618.T,CVCL_0827,Hs 618.T,NA,NA,NA
Hs 675.T,CVCL_0836,Hs 675.T,NA,NA,NA
Hs 683,CVCL_0844,Hs 683,NA,NA,NA
Hs 688(A).T,CVCL_0846,Hs 688(A).T,NA,NA,NA
Hs 695T,CVCL_0851,Hs 695T,NA,NA,NA
Hs 698.T,CVCL_0855,Hs 698.T,NA,NA,NA
Hs 700T,CVCL_0858,Hs 700T,NA,NA,NA
Hs 706.T,CVCL_0863,Hs 706.T,NA,NA,NA
Hs 729.T,CVCL_0871,Hs 729.T,NA,NA,NA
Hs 737.T,CVCL_0878,Hs 737.T,NA,NA,NA
Hs 739.T,CVCL_0882,Hs 739.T,NA,NA,NA
Hs 742.T,CVCL_0888,Hs 742.T,NA,NA,NA
Hs 746.T,CVCL_0333,Hs746T,STAD,STAD,0.54
Hs 751.T,CVCL_0891,Hs 751.T,NA,NA,NA
Hs 766T,CVCL_0334,Hs 766T,NA,NA,NA
Hs 819.T,CVCL_0928,Hs 819.T,NA,NA,NA
Hs 821.T,CVCL_0932,Hs 821.T,NA,NA,NA
Hs 822.T,CVCL_0933,Hs 822.T,NA,NA,NA
Hs 834.T,CVCL_0938,Hs 834.T,NA,NA,NA
Hs 839.T,CVCL_0941,Hs 839.T,NA,NA,NA
Hs 840.T,CVCL_0942,Hs 840.T,NA,NA,NA
Hs 852.T,CVCL_0950,Hs 852.T,NA,NA,NA
Hs 863.T,CVCL_0959,Hs 863.T,NA,NA,NA
Hs 870.T,CVCL_0966,Hs 870.T,NA,NA,NA
Hs 888.T,CVCL_0979,Hs 888.T,NA,NA,NA
Hs 891.T,CVCL_0985,Hs 891.T,NA,NA,NA
Hs 895.T,CVCL_0993,Hs 895.T,NA,NA,NA
Hs 913T,CVCL_1017,Hs 913T,NA,NA,NA
Hs 93.T,CVCL_1029,Hs 93.T,NA,NA,NA
Hs 934.T,CVCL_1031,Hs 934.T,NA,NA,NA
Hs 936.T,CVCL_1033,Hs 936.T,NA,NA,NA
Hs 939.T,CVCL_1036,Hs 939.T,NA,NA,NA
Hs 940.T,CVCL_1038,Hs 940.T,NA,NA,NA
Hs 944.T,CVCL_1040,Hs 944.T,NA,NA,NA
HS-SY-2,CVCL_8719,HS-SY-2,NA,NA,NA
HSC-1,CVCL_2807,HSC-1,NA,NA,NA
HSC-2,CVCL_1287,HSC-2,NA,NA,NA
HSC-3,CVCL_1288,HSC-3,STAD,STAD,0.34
HSC-39,CVCL_A385,HSC-39,STAD,STAD,0.62
HSC-4,CVCL_1289,HSC-4,NA,NA,NA
HT,CVCL_1290,HT,NA,NA,NA
HT-1080,CVCL_0317,HT-1080,NA,NA,NA
HT-1197,CVCL_1291,HT-1197,BLCA,BLCA,0.36
HT-1376,CVCL_1292,HT-1376,BLCA,BLCA,0.55
HT-144,CVCL_0318,HT-144,SKCM,SKCM,0.68
HT-29,CVCL_0320,HT-29,NA,NA,NA
HT-3,CVCL_1293,HT-3,CESC,CESC,0.39
HT-55,CVCL_1294,HT55,COAD,COAD,0.61
HT115,CVCL_2520,HT-115,COAD,COAD,0.55
HTC-C3,CVCL_1295,HTC-C3,THCA,THCA,0.52
HTK-,CVCL_2522,HTK-,NA,NA,NA
HTLA161,CVCL_C834,HTLA161,NA,NA,NA
HuCC-T1,CVCL_0324,HuCC-T1,NA,NA,NA
HuG1-N,CVCL_4846,HuG1-N,NA,NA,NA
HuH-1,CVCL_2956,huH-1,LIHC,LIHC,0.67
HuH-28,CVCL_2955,HuH-28,NA,NA,NA
HuH-6,CVCL_4381,HuH-6,NA,NA,NA
Huh-7,CVCL_0336,HuH-7,LIHC,LIHC,0.59
HuNS1,CVCL_2526,HuNS1,NA,NA,NA
HuO-3N1,CVCL_1297,HuO-3N1,NA,NA,NA
HuO9,CVCL_1298,HuO9,NA,NA,NA
HuP-T3,CVCL_1299,HuP-T3,PAAD,PAAD,0.66
HuP-T4,CVCL_1300,HuP-T4,PAAD,PAAD,0.55
HuT 102,CVCL_3526,HuT 102,NA,NA,NA
HuT 78,CVCL_0337,HuT 78,NA,NA,NA
HuTu 80,CVCL_1301,HuTu 80,NA,NA,NA
I 9.2,CVCL_3725,I 9.2,NA,NA,NA
IA-LM,CVCL_1302,IA-LM,NA,NA,NA
ICC10-6,CVCL_A1UZ,ICC10-6,NA,NA,NA
ICC10-8,CVCL_A1VA,ICC10-8,NA,NA,NA
ICC12,CVCL_A1VC,ICC12,NA,NA,NA
ICC15,CVCL_A1VE,ICC15,NA,NA,NA
ICC2,CVCL_VV27,ICC2,NA,NA,NA
ICC3,CVCL_A1ZB,ICC3,NA,NA,NA
ICC8,CVCL_A1VG,ICC8,NA,NA,NA
ICC9,CVCL_A1VH,ICC9,NA,NA,NA
IGR-1,CVCL_1303,IGR-1,SKCM,SKCM,0.59
IGR-37,CVCL_2075,IGR-37,SKCM,SKCM,0.63
IGR-39,CVCL_2076,IGR-39,NA,NA,NA
IGROV-1,CVCL_1304,IGROV-1,OV,OV,0.29
IHH-4,CVCL_2960,IHH-4,THCA,THCA,0.45
IM-9,CVCL_1305,IM-9,STAD,STAD,0.3
IM95,CVCL_2961,IM-95,STAD,STAD,0.44
IMR-32,CVCL_0346,IMR-32,NA,NA,NA
IMR-5,CVCL_1306,IMR-5,NA,NA,NA
INA-6,CVCL_5209,INA-6,NA,NA,NA
IOMM-Lee,CVCL_5779,IOMM-Lee,NA,NA,NA
IOSE-364,CVCL_5540,IOSE-364,NA,NA,NA
IOSE-397,CVCL_5541,IOSE-397,NA,NA,NA
IOSE-523,CVCL_E234,IOSE-523,NA,NA,NA
IOSE-75-16SV40,CVCL_EQ74,IOSE-75-16SV40,NA,NA,NA
IPC-298,CVCL_1307,IPC-298,SKCM,SKCM,0.55
Ishikawa,CVCL_2529,Ishikawa,NA,NA,NA
Ishikawa (Heraklio) 02 ER-,CVCL_6543,Ishikawa (Heraklio) 02 ER-,NA,NA,NA
IST-MEL1,CVCL_1308,IST-MEL1,SKCM,SKCM,0.49
IST-Mes1,CVCL_1311,IST-MES1,MESO,MESO,0.41
IST-Mes2,CVCL_1312,IST-Mes2,NA,NA,NA
IST-SL1,CVCL_1313,IST-SL1,NA,NA,NA
IST-SL2,CVCL_1314,IST-SL2,NA,NA,NA
ITO-II,CVCL_1315,ITO-II,NA,NA,NA
J.RT3-T3.5,CVCL_1316,J.RT3-T3.5,NA,NA,NA
J82,CVCL_0359,J82,BLCA,BLCA,0.44
JAR,CVCL_0360,JAR,NA,NA,NA
JEG-3,CVCL_0363,JEG-3,NA,NA,NA
JeKo-1,CVCL_1865,JEKO-1,DLBC,DLBC,0.24
JH-EsoAd1,CVCL_8098,JH-EsoAd1,NA,NA,NA
JHC7,CVCL_L154,JHC7,NA,NA,NA
JHH-1,CVCL_2785,JHH-1,LIHC,LIHC,0.23
JHH-136,CVCL_VT28,JHH-136,NA,NA,NA
JHH-2,CVCL_2786,JHH-2,NA,NA,NA
JHH-4,CVCL_2787,JHH-4,NA,NA,NA
JHH-5,CVCL_0364,JHH-5,NA,NA,NA
JHH-520,CVCL_VT33,JHH-520,NA,NA,NA
JHH-6,CVCL_2788,JHH-6,LIHC,LIHC,0.58
JHH-7,CVCL_2805,JHH-7,LIHC,LIHC,0.68
JHH-DIPG-1,CVCL_IT47,JHH-DIPG-1,NA,NA,NA
JHOC-5,CVCL_4640,JHOC-5,NA,NA,NA
JHOM-1,CVCL_4644,JHOM-1,NA,NA,NA
JHOM-2B,CVCL_4645,JHOM-2B,NA,NA,NA
JHOS-2,CVCL_4647,JHOS-2,OV,OV,0.36
JHOS-3,CVCL_4648,JHOS-3,OV,OV,0.4
JHOS-4,CVCL_4649,JHOS-4,OV,OV,0.63
JHU-011,CVCL_5986,JHU-011,HNSC,HNSC,0.43
JHU-013,CVCL_5988,JHU-013,NA,NA,NA
JHU-019,CVCL_5989,JHU-019,NA,NA,NA
JHU-022,CVCL_5991,JHU-022,NA,NA,NA
JHU-028,CVCL_5992,JHU-028,NA,NA,NA
JHU-029,CVCL_5993,JHU-029,HNSC,HNSC,0.64
JHUEM-1,CVCL_4655,JHUEM-1,NA,NA,NA
JHUEM-2,CVCL_4656,JHUEM-2,NA,NA,NA
JHUEM-3,CVCL_4657,JHUEM-3,NA,NA,NA
JHUEM-7,CVCL_4658,JHUEM-7,NA,NA,NA
JIL-2266,CVCL_A1TT,JIL-2266,NA,NA,NA
JIM3,CVCL_2533,JIM3,NA,NA,NA
JIMT-1,CVCL_2077,JIMT-1,BRCA,BRCA,0.48
Jiyoye,CVCL_1317,Jiyoye,NA,NA,NA
JJ012,CVCL_D605,JJ012,NA,NA,NA
JJN-3,CVCL_2078,JJN-3,NA,NA,NA
JK-1,CVCL_2079,JK-1,NA,NA,NA
JK-6L,CVCL_0C41,JK-6L,NA,NA,NA
JL-1,CVCL_2080,JL-1,NA,NA,NA
JM-1,CVCL_3532,JM1,DLBC,DLBC,0.58
JMSU-1,CVCL_2081,JMSU-1,NA,NA,NA
JMU-RTK-2,CVCL_4W58,JMU-RTK-2,NA,NA,NA
JoPaca-1,CVCL_S507,JoPaca-1,NA,NA,NA
JSC-1,CVCL_3728,JSC-1,DLBC,DLBC,0.21
Jurkat,CVCL_0065,Jurkat,NA,NA,NA
JURL-MK1,CVCL_2086,JURL-MK1,NA,NA,NA
JVM-13,CVCL_1318,JVM-13,NA,NA,NA
JVM-2,CVCL_1319,JVM-2,DLBC,DLBC,0.34
JVM-3,CVCL_1320,JVM-3,DLBC,DLBC,0.35
K-562,CVCL_0004,K-562,NA,NA,NA
K029AX,CVCL_8784,K029AX,NA,NA,NA
K19,CVCL_W796,K19,NA,NA,NA
K4IM,CVCL_9V29,K4IM,NA,NA,NA
K5,CVCL_1322,K5,THCA,THCA,0.52
KALS-1,CVCL_1323,KALS-1,GBM,GBM,0.34
Karpas-1106P,CVCL_1821,KARPAS-1106P,DLBC,DLBC,0.44
Karpas-1718,CVCL_2539,Karpas-1718,NA,NA,NA
Karpas-231,CVCL_1822,KARPAS-231,DLBC,DLBC,0.46
Karpas-25,CVCL_2540,Karpas-25,NA,NA,NA
Karpas-299,CVCL_1324,Karpas-299,NA,NA,NA
Karpas-422,CVCL_1325,KARPAS-422,DLBC,DLBC,0.28
Karpas-45,CVCL_1326,Karpas-45,NA,NA,NA
Karpas-620,CVCL_1823,Karpas-620,NA,NA,NA
Kasumi-1,CVCL_0589,KASUMI-1,LAML,LAML,0.43
Kasumi-2,CVCL_0590,Kasumi-2,NA,NA,NA
Kasumi-3,CVCL_0612,Kasumi-3,NA,NA,NA
Kasumi-6,CVCL_0614,Kasumi-6,NA,NA,NA
KATO III,CVCL_0371,KATOIII,STAD,STAD,0.37
KCI-MOH1,CVCL_2090,KCI-MOH1,NA,NA,NA
KCL-22,CVCL_2091,KCL-22,NA,NA,NA
KE-37,CVCL_1327,KE-37,NA,NA,NA
KE-39,CVCL_3385,KE-39,NA,NA,NA
KE-97,CVCL_3386,KE-97,NA,NA,NA
Kelly,CVCL_2092,Kelly,NA,NA,NA
KG-1,CVCL_0374,KG-1,LAML,LAML,0.34
KG-1-C,CVCL_2971,KG-1-C,NA,NA,NA
KG-1a,CVCL_1824,KG-1a,NA,NA,NA
KGN,CVCL_0375,KGN,NA,NA,NA
KHM-11,CVCL_A633,KHM-11,NA,NA,NA
KHM-1B,CVCL_2972,KHM-1B,NA,NA,NA
KHOS-240S,CVCL_2544,KHOS-240S,NA,NA,NA
KHOS-312H,CVCL_2545,KHOS-312H,NA,NA,NA
KHOS/NP,CVCL_2546,KHOS/NP,NA,NA,NA
Ki-JK,CVCL_2093,Ki-JK,NA,NA,NA
KINGS-1,CVCL_1328,KINGS-1,LGG,LGG,0.53
KK,CVCL_F844,KK,NA,NA,NA
KKU-100,CVCL_3996,KKU-100,NA,NA,NA
KKU-213A,CVCL_M261,KKU-213A,NA,NA,NA
KLE,CVCL_1329,KLE,UCEC,UCEC,0.52
KLM-1,CVCL_5146,KLM-1,NA,NA,NA
KM-H2,CVCL_1330,KM-H2,NA,NA,NA
KM12,CVCL_1331,KM12,COAD,COAD,0.49
KMBC-2,CVCL_2977,KMBC-2,NA,NA,NA
KMCH-1,CVCL_7970,KMCH-1,NA,NA,NA
KMH-2,CVCL_S641,KMH-2,NA,NA,NA
KMM-1,CVCL_2981,KMM-1,NA,NA,NA
KMOE-2,CVCL_1332,KMOE-2,LAML,LAML,0.33
KMRC-1,CVCL_2983,KMRC-1,KIRC,KIRC,0.62
KMRC-2,CVCL_2984,KMRC-2,NA,NA,NA
KMRC-20,CVCL_2986,KMRC-20,KIRC,KIRC,0.6
KMRC-3,CVCL_2985,KMRC-3,NA,NA,NA
KMS-11,CVCL_2989,KMS-11,NA,NA,NA
KMS-12-BM,CVCL_1334,KMS-12-BM,NA,NA,NA
KMS-12-PE,CVCL_1333,KMS-12-PE,NA,NA,NA
KMS-18,CVCL_A637,KMS-18,NA,NA,NA
KMS-20,CVCL_2990,KMS-20,NA,NA,NA
KMS-21-BM,CVCL_2991,KMS-21-BM,NA,NA,NA
KMS-26,CVCL_2992,KMS-26,NA,NA,NA
KMS-27,CVCL_2993,KMS-27,NA,NA,NA
KMS-28BM,CVCL_2994,KMS-28BM,NA,NA,NA
KMS-34,CVCL_2996,KMS-34,NA,NA,NA
KNS-42,CVCL_0378,KNS-42,GBM,GBM,0.55
KNS-60,CVCL_2798,KNS-60,NA,NA,NA
KNS-62,CVCL_1335,KNS-62,LUSC,LUSC,0.56
KNS-81,CVCL_2799,KNS-81,NA,NA,NA
KO52,CVCL_1321,KO52,NA,NA,NA
KOC-7C,CVCL_5307,KOC-7C,NA,NA,NA
KON,CVCL_3001,KON,NA,NA,NA
KOPN-8,CVCL_1866,KOPN-8,NA,NA,NA
KOSC-2,CVCL_1337,KOSC-2,HNSC,HNSC,0.71
KP-1N,CVCL_3002,KP-1N,PAAD,PAAD,0.54
KP-2,CVCL_3004,KP-2,PAAD,PAAD,0.6
KP-3,CVCL_3005,KP-3,PAAD,PAAD,0.43
KP-4,CVCL_1338,KP-4,PAAD,PAAD,0.49
KP-MRT-RY,CVCL_7051,KP-MRT-RY,NA,NA,NA
KP-N-RT-BM-1,CVCL_1339,KP-N-RT-BM-1,NA,NA,NA
KP-N-SI9s,CVCL_1340,KP-N-SI9s,NA,NA,NA
KP-N-YN,CVCL_1341,KP-N-YN,NA,NA,NA
KP-N-YS,CVCL_1342,KP-N-YS,NA,NA,NA
KPL-1,CVCL_2094,KPL-1,NA,NA,NA
KTCTL-129,CVCL_5885,KTCTL-129,NA,NA,NA
KTCTL-13,CVCL_5870,RCC-ER,KIRC,KIRC,0.5
KTCTL-140,CVCL_5879,RCC-JF,KIRC,KIRC,0.52
KTCTL-185,CVCL_5875,KTCTL-185,NA,NA,NA
KTCTL-195,CVCL_5880,RCC-JW,KIRC,KIRC,0.51
KTCTL-1M,CVCL_5884,RCC-MF,KIRC,KIRC,0.61
KTCTL-21,CVCL_5868,RCC-AB,KIRC,KIRC,0.53
KTCTL-26,CVCL_5872,KTCTL-26,NA,NA,NA
KTCTL-26A,CVCL_5873,RCC-FG2,KIRC,KIRC,0.59
KTCTL-48,CVCL_5877,KTCTL-48,NA,NA,NA
KTCTL-87,CVCL_5888,KTCTL-87,NA,NA,NA
KU-19-19,CVCL_1344,KU-19-19,BLCA,BLCA,0.42
Ku812,CVCL_0379,Ku812,NA,NA,NA
Kuramochi,CVCL_1345,KURAMOCHI,OV,OV,0.72
KY821,CVCL_1346,KY821,LAML,LAML,0.37
KYAE-1,CVCL_1825,KYAE-1,NA,NA,NA
KYM-1,CVCL_3007,KYM-1,NA,NA,NA
KYO-1,CVCL_2095,KYO-1,NA,NA,NA
KYSE-140,CVCL_1347,KYSE-140,ESCA,ESCA,0.66
KYSE-150,CVCL_1348,KYSE-150,ESCA,ESCA,0.54
KYSE-180,CVCL_1349,KYSE-180,ESCA,ESCA,0.64
KYSE-220,CVCL_1359,KYSE-220,ESCA,ESCA,0.49
KYSE-270,CVCL_1350,KYSE-270,ESCA,ESCA,0.3
KYSE-30,CVCL_1351,KYSE-30,NA,NA,NA
KYSE-410,CVCL_1352,KYSE-410,ESCA,ESCA,0.6
KYSE-450,CVCL_1353,KYSE-450,ESCA,ESCA,0.48
KYSE-50,CVCL_1360,KYSE-50,ESCA,ESCA,0.65
KYSE-510,CVCL_1354,KYSE-510,ESCA,ESCA,0.48
KYSE-520,CVCL_1355,KYSE-520,ESCA,ESCA,0.38
KYSE-70,CVCL_1356,KYSE-70,ESCA,ESCA,0.47
L-1236,CVCL_2096,L-1236,NA,NA,NA
L-363,CVCL_1357,L-363,NA,NA,NA
L-428,CVCL_1361,L-428,NA,NA,NA
L-540,CVCL_1362,L-540,NA,NA,NA
L-591,CVCL_1867,L-591,NA,NA,NA
L3.3,CVCL_8147,L3.3,NA,NA,NA
LA-N-1,CVCL_1827,LA-N-1,NA,NA,NA
LA-N-2,CVCL_1829,LA-N-2,NA,NA,NA
LA-N-5,CVCL_0389,LA-N-5,NA,NA,NA
LA-N-6,CVCL_1363,LA-N-6,NA,NA,NA
LAMA-84,CVCL_0388,LAMA-84,NA,NA,NA
LB1047-RCC,CVCL_1364,LB1047-RCC,KIRC,KIRC,0.29
LB2241-RCC,CVCL_1365,LB2241-RCC,KIRC,KIRC,0.25
LB2518-MEL,CVCL_1366,LB2518-MEL,SKCM,SKCM,0.66
LB373-MEL-D,CVCL_1367,LB373-MEL-D,SKCM,SKCM,0.48
LB647-SCLC,CVCL_1368,LB647-SCLC,NA,NA,NA
LB771-HNC,CVCL_1369,LB771-HNC,HNSC,HNSC,0.39
LB831-BLC,CVCL_1370,LB831-BLC,BLCA,BLCA,0.46
LB996-RCC,CVCL_1371,LB996-RCC,KIRC,KIRC,0.5
LC-1/sq,CVCL_3008,LC-1-sq,LUSC,LUSC,0.62
LC-1/sq-SF,CVCL_5480,LC-1/sq-SF,NA,NA,NA
LC-1F,CVCL_1372,LC-1F,NA,NA,NA
LC-2/ad,CVCL_1373,LC-2-ad,LUAD,LUAD,0.67
LC4-1,CVCL_1374,LC4-1,NA,NA,NA
LCLC-103H,CVCL_1375,LCLC-103H,NA,NA,NA
LCLC-97TM1,CVCL_1376,LCLC-97TM1,NA,NA,NA
Li-7,CVCL_3840,Li-7,NA,NA,NA
LIM1215,CVCL_2574,LIM1215,NA,NA,NA
LK-2,CVCL_1377,LK-2,LUSC,LUSC,0.48
LMSU,CVCL_4849,LMSU,NA,NA,NA
LN-18,CVCL_0392,LN-18,GBM,GBM,0.25
LN-215,CVCL_3954,LN-215,NA,NA,NA
LN-229,CVCL_0393,LN-229,GBM,GBM,0.26
LN-235,CVCL_3957,LN-235,NA,NA,NA
LN-308,CVCL_0394,LN-308,NA,NA,NA
LN-319,CVCL_3958,LN-319,NA,NA,NA
LN-340,CVCL_3955,LN-340,NA,NA,NA
LN-382,CVCL_3956,LN-382,NA,NA,NA
LN-405,CVCL_1378,LN-405,GBM,GBM,0.46
LN-428,CVCL_3959,LN-428,NA,NA,NA
LN-443,CVCL_3960,LN-443,NA,NA,NA
LN-464,CVCL_3962,LN-464,NA,NA,NA
LNCaP clone FGC,CVCL_1379,LNCaP-Clone-FGC,PRAD,PRAD,0.47
LNZTA3WT4,CVCL_3540,LNZTA3WT4,LGG,LGG,0.19
LOU-NH91,CVCL_2104,LOU-NH91,LUSC,LUSC,0.34
Loucy,CVCL_1380,Loucy,NA,NA,NA
LoVo,CVCL_0399,LoVo,COAD,COAD,0.45
LOX-IMVI,CVCL_1381,LOXIMVI,SKCM,SKCM,0.42
LP-1,CVCL_0012,LP-1,NA,NA,NA
LPS141,CVCL_M823,LPS141,NA,NA,NA
LPS27,CVCL_A1VQ,LPS27,NA,NA,NA
LPS6,CVCL_A1VR,LPS6,NA,NA,NA
LPS853,CVCL_V415,LPS853,NA,NA,NA
LS,CVCL_2105,LS,NA,NA,NA
LS030609,CVCL_IW35,LS030609,NA,NA,NA
LS060208,CVCL_IW36,LS060208,NA,NA,NA
LS1034,CVCL_1382,LS-1034,COAD,COAD,0.61
LS123,CVCL_1383,LS-123,COAD,COAD,0.57
LS174T,CVCL_1384,LS174T,NA,NA,NA
LS180,CVCL_0397,LS-180,COAD,COAD,0.51
LS411N,CVCL_1385,LS-411N,COAD,COAD,0.5
LS513,CVCL_1386,LS-513,COAD,COAD,0.53
Lu-134-A,CVCL_1387,Lu-134-A,NA,NA,NA
Lu-135,CVCL_1389,Lu-135,NA,NA,NA
Lu-139,CVCL_1390,Lu-139,NA,NA,NA
Lu-165,CVCL_1391,Lu-165,NA,NA,NA
Lu-65,CVCL_1392,Lu-65,NA,NA,NA
Lu-99A,CVCL_1393,Lu-99A,NA,NA,NA
LUDLU-1,CVCL_2582,LUDLU-1,NA,NA,NA
LXF 289,CVCL_1394,LXF-289,LUAD,LUAD,0.37
M-07e,CVCL_2106,M-07e,NA,NA,NA
M000921,CVCL_S808,M000921,NA,NA,NA
M059J,CVCL_0400,M059J,GBM,GBM,0.39
M059K,CVCL_0401,M059K,NA,NA,NA
M14,CVCL_1395,M14,SKCM,SKCM,0.56
M202,CVCL_D746,M202,NA,NA,NA
M207,CVCL_D747,M207,NA,NA,NA
M229,CVCL_D748,M229,NA,NA,NA
M230,CVCL_D749,M230,NA,NA,NA
M233,CVCL_D750,M233,NA,NA,NA
M238,CVCL_D751,M238,NA,NA,NA
M244,CVCL_D753,M244,NA,NA,NA
M245,CVCL_D754,M245,NA,NA,NA
M257,CVCL_D757,M257,NA,NA,NA
M262,CVCL_D758,M262,NA,NA,NA
M263,CVCL_D759,M263,NA,NA,NA
M275,CVCL_D760,M275,NA,NA,NA
M285,CVCL_D761,M285,NA,NA,NA
M288,CVCL_D762,M288,NA,NA,NA
M296,CVCL_D763,M296,NA,NA,NA
M299,CVCL_D765,M299,NA,NA,NA
M308,CVCL_D766,M308,NA,NA,NA
M318,CVCL_D767,M318,NA,NA,NA
M328,CVCL_IW41,M328,NA,NA,NA
M368,CVCL_D769,M368,NA,NA,NA
M375,CVCL_D770,M375,NA,NA,NA
M980513,CVCL_S675,M980513,NA,NA,NA
Mac-1,CVCL_H631,Mac-1,NA,NA,NA
Mac-2A,CVCL_H637,Mac-2A,NA,NA,NA
Mac-2B,CVCL_H638,Mac-2B,NA,NA,NA
Malme-3M,CVCL_1438,Malme-3M,NA,NA,NA
MB-1,CVCL_2109,MB-1,NA,NA,NA
MC-1010,CVCL_1396,MC-1010,NA,NA,NA
MC/CAR,CVCL_1397,MC/CAR,NA,NA,NA
MC116,CVCL_1399,MC116,DLBC,DLBC,0.4
MCAS,CVCL_3020,MCAS,NA,NA,NA
MCC14/2,CVCL_2584,MCC14/2,NA,NA,NA
MCC26,CVCL_2585,MCC26,NA,NA,NA
MCF-10A,CVCL_0598,MCF-10A,NA,NA,NA
MCF-7,CVCL_0031,MCF7,BRCA,BRCA,0.51
MDA-1186,CVCL_6977,MDA-1186,NA,NA,NA
MDA-1386Tu,CVCL_H542,MDA-1386Tu,NA,NA,NA
MDA-1586,CVCL_6981,MDA-1586,NA,NA,NA
MDA-1686,CVCL_AT79,MDA-1686,NA,NA,NA
MDA-584,CVCL_V278,MDA-584,NA,NA,NA
MDA-886Ln,CVCL_6987,MDA-886Ln,NA,NA,NA
MDA-MB-134-VI,CVCL_0617,MDA-MB-134-VI,NA,NA,NA
MDA-MB-157,CVCL_0618,MDA-MB-157,BRCA,BRCA,0.48
MDA-MB-175-VII,CVCL_1400,MDA-MB-175-VII,NA,NA,NA
MDA-MB-231,CVCL_0062,MDA-MB-231,BRCA,BRCA,0.35
MDA-MB-330,CVCL_0619,MDA-MB-330,BRCA,BRCA,0.65
MDA-MB-361,CVCL_0620,MDA-MB-361,BRCA,BRCA,0.54
MDA-MB-415,CVCL_0621,MDA-MB-415,BRCA,BRCA,0.52
MDA-MB-435S,CVCL_0622,MDA-MB-435S,NA,NA,NA
MDA-MB-436,CVCL_0623,MDA-MB-436,BRCA,BRCA,0.51
MDA-MB-453,CVCL_0418,MDA-MB-453,BRCA,BRCA,0.6
MDA-MB-468,CVCL_0419,MDA-MB-468,BRCA,BRCA,0.46
MDA-N,CVCL_1910,MDA-N,NA,NA,NA
MDA-PCa-2b,CVCL_4748,MDA-PCa-2b,NA,NA,NA
MDST8,CVCL_2588,MDST8,COAD,COAD,0.34
ME-1 [Human leukemia],CVCL_2110,ME-1,LAML,LAML,0.43
ME-180,CVCL_1401,ME-180,CESC,CESC,0.53
MEC-1,CVCL_1870,MEC-1,NA,NA,NA
MEC-2,CVCL_1871,MEC-2,NA,NA,NA
MEG-01,CVCL_0425,MEG-01,NA,NA,NA
Mel Ho,CVCL_1402,MEL-HO,SKCM,SKCM,0.66
Mel JuSo,CVCL_1403,MEL-JUSO,SKCM,SKCM,0.56
Mel202,CVCL_C301,Mel202,NA,NA,NA
Mel285,CVCL_C303,Mel285,NA,NA,NA
Mel290,CVCL_C304,Mel290,NA,NA,NA
Mero-14,CVCL_2590,Mero-14,NA,NA,NA
Mero-82,CVCL_2594,Mero-82,NA,NA,NA
MES-SA,CVCL_1404,MES-SA,NA,NA,NA
MES-SA/Dx5,CVCL_2598,MES-SA/Dx5,NA,NA,NA
MET-2B,CVCL_VS57,MET-2B,NA,NA,NA
MeWo,CVCL_0445,Mewo,SKCM,SKCM,0.44
MFE-280,CVCL_1405,MFE-280,UCEC,UCEC,0.42
MFE-296,CVCL_1406,MFE-296,UCEC,UCEC,0.22
MFE-319,CVCL_2112,MFE-319,UCEC,UCEC,0.44
MFH-ino,CVCL_1407,MFH-ino,NA,NA,NA
MFM-223,CVCL_1408,MFM-223,BRCA,BRCA,0.57
MG-63,CVCL_0426,MG-63,NA,NA,NA
MHH-CALL-2,CVCL_1409,MHH-CALL-2,NA,NA,NA
MHH-CALL-3,CVCL_0089,MHH-CALL-3,NA,NA,NA
MHH-CALL-4,CVCL_1410,MHH-CALL-4,NA,NA,NA
MHH-ES-1,CVCL_1411,MHH-ES-1,NA,NA,NA
MHH-NB-11,CVCL_1412,MHH-NB-11,NA,NA,NA
MHH-PREB-1,CVCL_1413,MHH-PREB-1,DLBC,DLBC,0.25
MHM-25,CVCL_GZ63,MHM-25,NA,NA,NA
MHM-8,CVCL_GZ64,MHM-8,NA,NA,NA
MIA PaCa-2,CVCL_0428,MIA-PaCa-2,PAAD,PAAD,0.54
Mino,CVCL_1872,Mino,NA,NA,NA
MJ,CVCL_1414,MJ,NA,NA,NA
MKL-1 subclone 2,CVCL_EQ71,MKL-1 subclone 2,NA,NA,NA
MKL-2,CVCL_D027,MKL-2,NA,NA,NA
MKN1,CVCL_1415,MKN1,STAD,STAD,0.39
MKN28,CVCL_1416,MKN28,STAD,STAD,0.37
MKN45,CVCL_0434,MKN45,STAD,STAD,0.61
MKN7,CVCL_1417,MKN7,STAD,STAD,0.61
MKN74,CVCL_2791,MKN74,NA,NA,NA
ML-2,CVCL_1418,ML-2,LAML,LAML,0.32
MLMA,CVCL_1419,MLMA,NA,NA,NA
MM-M1,CVCL_M547,MM-M1,NA,NA,NA
MM.1-144,CVCL_EI97,MM.1-144,NA,NA,NA
MM1.R,CVCL_8794,MM1.R,NA,NA,NA
MM1.S,CVCL_8792,MM1.S,NA,NA,NA
MM127,CVCL_2601,MM127,NA,NA,NA
MM370,CVCL_2605,MM370,NA,NA,NA
MM383,CVCL_2606,MM383,NA,NA,NA
MM386,CVCL_2607,MM386,NA,NA,NA
MM426,CVCL_2609,MM426,NA,NA,NA
MMAc-SF,CVCL_1420,MMAC-SF,SKCM,SKCM,0.66
MN-60,CVCL_1421,MN-60,NA,NA,NA
MNNG/HOS Cl #5,CVCL_0439,MNNG/HOS Cl #5,NA,NA,NA
Mo,CVCL_1439,Mo,NA,NA,NA
MOG-G-CCM,CVCL_2613,MOG-G-CCM,LGG,LGG,0.44
MOG-G-UVW,CVCL_2614,MOG-G-UVW,LGG,LGG,0.41
MOLM-13,CVCL_2119,MOLM-13,LAML,LAML,0.37
MOLM-14,CVCL_7916,MOLM-14,NA,NA,NA
MOLM-16,CVCL_2120,MOLM-16,LAML,LAML,0.42
MOLM-6,CVCL_2122,MOLM-6,NA,NA,NA
MOLP-2,CVCL_2123,MOLP-2,NA,NA,NA
MOLP-8,CVCL_2124,MOLP-8,NA,NA,NA
MOLT-13,CVCL_1422,MOLT-13,NA,NA,NA
MOLT-16,CVCL_1424,MOLT-16,NA,NA,NA
MOLT-3,CVCL_0624,MOLT-3,NA,NA,NA
MOLT-4,CVCL_0013,MOLT-4,NA,NA,NA
MON,CVCL_M846,MON,NA,NA,NA
Mono-Mac-1,CVCL_1425,Mono-Mac-1,NA,NA,NA
Mono-Mac-6,CVCL_1426,MONO-MAC-6,LAML,LAML,0.42
MOR/CPR,CVCL_2620,MOR/CPR,NA,NA,NA
MOTN-1,CVCL_2127,MOTN-1,NA,NA,NA
MPP 89,CVCL_1427,MPP-89,MESO,MESO,0.22
MRC-9,CVCL_2629,MRC-9,NA,NA,NA
MRK-nu-1,CVCL_1428,MRK-nu-1,BRCA,BRCA,0.34
MS751,CVCL_4996,MS751,CESC,CESC,0.45
MSHRIe002-A,CVCL_B845,MSHRIe002-A,NA,NA,NA
MSK-922,CVCL_6989,MSK-922,NA,NA,NA
MSTO-211H,CVCL_1430,MSTO-211H,MESO,MESO,0.27
MUC-1,CVCL_C4KG,MUC-1,NA,NA,NA
MUG-Chor1,CVCL_9277,MUG-Chor1,NA,NA,NA
MUTJ,CVCL_EI98,MUTJ,NA,NA,NA
MUTZ-1,CVCL_1431,MUTZ-1,NA,NA,NA
MUTZ-3,CVCL_1433,MUTZ-3,NA,NA,NA
MUTZ-5,CVCL_1873,MUTZ-5,NA,NA,NA
MV4-11,CVCL_0064,MV-4-11,LAML,LAML,0.42
MY-M12,CVCL_3035,MY-M12,NA,NA,NA
MZ-MEL-2,CVCL_1435,MZ2-MEL,SKCM,SKCM,0.62
MZ-MEL-7,CVCL_1436,MZ7-mel,SKCM,SKCM,0.58
MZ-PC-1,CVCL_1434,MZ1-PC,PAAD,PAAD,0.48
NALM-1,CVCL_0091,NALM-1,NA,NA,NA
NALM-19,CVCL_1835,NALM-19,NA,NA,NA
NALM-6,CVCL_0092,NALM-6,NA,NA,NA
Namalwa,CVCL_0067,Namalwa,NA,NA,NA
NB-1643,CVCL_5627,NB-1643,NA,NA,NA
NB(TU)1,CVCL_3041,NB(TU)1,NA,NA,NA
NB4,CVCL_0005,NB4,NA,NA,NA
NB69,CVCL_1448,NB69,NA,NA,NA
NBsusSR,CVCL_1450,NBsusSR,NA,NA,NA
NCC-IT,CVCL_1451,NCC-IT,NA,NA,NA
NCC-StC-K140,CVCL_3055,NCC-StC-K140,NA,NA,NA
NCC010,CVCL_X505,NCC010,KIRC,KIRC,0.65
NCC021,CVCL_X506,NCC021,KIRC,KIRC,0.39
NCH612,CVCL_X913,NCH612,NA,NA,NA
NCI-ADR-RES,CVCL_1452,NCI-ADR-RES,NA,NA,NA
NCI-H1048,CVCL_1453,NCI-H1048,NA,NA,NA
NCI-H1092,CVCL_1454,NCI-H1092,NA,NA,NA
NCI-H1105,CVCL_1455,NCI-H1105,NA,NA,NA
NCI-H1112,CVCL_A485,NCI-H1112,NA,NA,NA
NCI-H1155,CVCL_1456,NCI-H1155,NA,NA,NA
NCI-H1184,CVCL_1458,NCI-H1184,NA,NA,NA
NCI-H1238,CVCL_1459,NCI-H1238,NA,NA,NA
NCI-H125,CVCL_3968,NCI-H125,NA,NA,NA
NCI-H128,CVCL_1460,NCI-H128,NA,NA,NA
NCI-H1284,CVCL_1461,NCI-H1284,NA,NA,NA
NCI-H1299,CVCL_0060,NCI-H1299,NA,NA,NA
NCI-H1304,CVCL_1462,NCI-H1304,NA,NA,NA
NCI-H1339,CVCL_A472,NCI-H1339,NA,NA,NA
NCI-H1341,CVCL_1463,NCI-H1341,NA,NA,NA
NCI-H1355,CVCL_1464,NCI-H1355,LUAD,LUAD,0.41
NCI-H1373,CVCL_1465,NCI-H1373,NA,NA,NA
NCI-H1385,CVCL_1466,NCI-H1385,NA,NA,NA
NCI-H1395,CVCL_1467,NCI-H1395,NA,NA,NA
NCI-H1404,CVCL_1468,NCI-H1404,NA,NA,NA
NCI-H1417,CVCL_1469,NCI-H1417,NA,NA,NA
NCI-H1435,CVCL_1470,NCI-H1435,NA,NA,NA
NCI-H1436,CVCL_1471,NCI-H1436,NA,NA,NA
NCI-H1437,CVCL_1472,NCI-H1437,NA,NA,NA
NCI-H1450,CVCL_A466,NCI-H1450,NA,NA,NA
NCI-H146,CVCL_1473,NCI-H146,NA,NA,NA
NCI-H1514,CVCL_4363,NCI-H1514,NA,NA,NA
NCI-H1522,CVCL_1474,NCI-H1522,NA,NA,NA
NCI-H1563,CVCL_1475,NCI-H1563,LUAD,LUAD,0.32
NCI-H1568,CVCL_1476,NCI-H1568,LUAD,LUAD,0.46
NCI-H157,CVCL_0463,NCI-H157,NA,NA,NA
NCI-H1573,CVCL_1478,NCI-H1573,LUAD,LUAD,0.43
NCI-H1581,CVCL_1479,NCI-H1581,NA,NA,NA
NCI-H1607,CVCL_A467,NCI-H1607,NA,NA,NA
NCI-H1618,CVCL_1480,NCI-H1618,NA,NA,NA
NCI-H1623,CVCL_1481,NCI-H1623,LUAD,LUAD,0.45
NCI-H1628,CVCL_A503,NCI-H1628,NA,NA,NA
NCI-H1648,CVCL_1482,NCI-H1648,LUAD,LUAD,0.58
NCI-H1650,CVCL_1483,NCI-H1650,LUAD,LUAD,0.59
NCI-H1651,CVCL_1484,NCI-H1651,LUAD,LUAD,0.51
NCI-H1666,CVCL_1485,NCI-H1666,LUAD,LUAD,0.37
NCI-H1672,CVCL_1486,NCI-H1672,NA,NA,NA
NCI-H1688,CVCL_1487,NCI-H1688,NA,NA,NA
NCI-H1693,CVCL_1488,NCI-H1693,LUAD,LUAD,0.35
NCI-H1694,CVCL_1489,NCI-H1694,NA,NA,NA
NCI-H1703,CVCL_1490,NCI-H1703,LUSC,LUSC,0.26
NCI-H1734,CVCL_1491,NCI-H1734,LUAD,LUAD,0.45
NCI-H1755,CVCL_1492,NCI-H1755,LUAD,LUAD,0.41
NCI-H1770,CVCL_1493,NCI-H1770,NA,NA,NA
NCI-H1781,CVCL_1494,NCI-H1781,LUAD,LUAD,0.56
NCI-H1792,CVCL_1495,NCI-H1792,LUAD,LUAD,0.37
NCI-H1793,CVCL_1496,NCI-H1793,LUAD,LUAD,0.33
NCI-H1819,CVCL_1497,NCI-H1819,NA,NA,NA
NCI-H1836,CVCL_1498,NCI-H1836,NA,NA,NA
NCI-H1838,CVCL_1499,NCI-H1838,LUAD,LUAD,0.41
NCI-H1869,CVCL_1500,NCI-H1869,NA,NA,NA
NCI-H187,CVCL_1501,NCI-H187,NA,NA,NA
NCI-H1870,CVCL_1502,NCI-H1870,NA,NA,NA
NCI-H1876,CVCL_1503,NCI-H1876,NA,NA,NA
NCI-H1882,CVCL_1504,NCI-H1882,NA,NA,NA
NCI-H1915,CVCL_1505,NCI-H1915,NA,NA,NA
NCI-H1926,CVCL_1506,NCI-H1926,NA,NA,NA
NCI-H1930,CVCL_1507,NCI-H1930,NA,NA,NA
NCI-H1944,CVCL_1508,NCI-H1944,LUAD,LUAD,0.53
NCI-H196,CVCL_1509,NCI-H196,NA,NA,NA
NCI-H1963,CVCL_1510,NCI-H1963,NA,NA,NA
NCI-H1975,CVCL_1511,NCI-H1975,LUAD,LUAD,0.46
NCI-H1993,CVCL_1512,NCI-H1993,LUAD,LUAD,0.47
NCI-H1994,CVCL_1513,NCI-H1994,NA,NA,NA
NCI-H2004RT,CVCL_WS70,NCI-H2004RT,NA,NA,NA
NCI-H2009,CVCL_1514,NCI-H2009,LUAD,LUAD,0.57
NCI-H2023,CVCL_1515,NCI-H2023,NA,NA,NA
NCI-H2029,CVCL_1516,NCI-H2029,NA,NA,NA
NCI-H2030,CVCL_1517,NCI-H2030,LUAD,LUAD,0.42
NCI-H2052,CVCL_1518,NCI-H2052,MESO,MESO,0.35
NCI-H2066,CVCL_1520,NCI-H2066,LUSC,LUSC,0.48
NCI-H2073,CVCL_1521,NCI-H2073,NA,NA,NA
NCI-H2077,CVCL_5157,NCI-H2077,NA,NA,NA
NCI-H2081,CVCL_1522,NCI-H2081,NA,NA,NA
NCI-H2085,CVCL_1523,NCI-H2085,NA,NA,NA
NCI-H2087,CVCL_1524,NCI-H2087,LUAD,LUAD,0.51
NCI-H209,CVCL_1525,NCI-H209,NA,NA,NA
NCI-H2106,CVCL_1526,NCI-H2106,NA,NA,NA
NCI-H2107,CVCL_1527,NCI-H2107,NA,NA,NA
NCI-H2108,CVCL_1528,NCI-H2108,NA,NA,NA
NCI-H211,CVCL_1529,NCI-H211,NA,NA,NA
NCI-H2110,CVCL_1530,NCI-H2110,NA,NA,NA
NCI-H2122,CVCL_1531,NCI-H2122,LUAD,LUAD,0.5
NCI-H2126,CVCL_1532,NCI-H2126,NA,NA,NA
NCI-H2135,CVCL_1533,NCI-H2135,NA,NA,NA
NCI-H2141,CVCL_1534,NCI-H2141,NA,NA,NA
NCI-H2170,CVCL_1535,NCI-H2170,LUSC,LUSC,0.32
NCI-H2171,CVCL_1536,NCI-H2171,NA,NA,NA
NCI-H2172,CVCL_1537,NCI-H2172,NA,NA,NA
NCI-H2195,CVCL_1538,NCI-H2195,NA,NA,NA
NCI-H2196,CVCL_1539,NCI-H2196,NA,NA,NA
NCI-H2198,CVCL_1540,NCI-H2198,NA,NA,NA
NCI-H220,CVCL_1541,NCI-H220,NA,NA,NA
NCI-H2227,CVCL_1542,NCI-H2227,NA,NA,NA
NCI-H2228,CVCL_1543,NCI-H2228,LUAD,LUAD,0.54
NCI-H2250,CVCL_A527,NCI-H2250,NA,NA,NA
NCI-H2258,CVCL_A528,NCI-H2258,NA,NA,NA
NCI-H226,CVCL_1544,NCI-H226,MESO,MESO,0.36
NCI-H2286,CVCL_1545,NCI-H2286,NA,NA,NA
NCI-H2291,CVCL_1546,NCI-H2291,LUAD,LUAD,0.59
NCI-H23,CVCL_1547,NCI-H23,LUAD,LUAD,0.46
NCI-H2330,CVCL_1548,NCI-H2330,NA,NA,NA
NCI-H2342,CVCL_1549,NCI-H2342,LUAD,LUAD,0.47
NCI-H2347,CVCL_1550,NCI-H2347,LUAD,LUAD,0.54
NCI-H2369,CVCL_A532,NCI-H2369,NA,NA,NA
NCI-H2373,CVCL_A533,NCI-H2373,NA,NA,NA
NCI-H2405,CVCL_1551,NCI-H2405,LUAD,LUAD,0.47
NCI-H2444,CVCL_1552,NCI-H2444,NA,NA,NA
NCI-H2452,CVCL_1553,NCI-H2452,MESO,MESO,0.6
NCI-H2461,CVCL_A536,NCI-H2461,NA,NA,NA
NCI-H249,CVCL_A537,NCI-H249,NA,NA,NA
NCI-H250,CVCL_1554,NCI-H250,NA,NA,NA
NCI-H2591,CVCL_A543,NCI-H2591,NA,NA,NA
NCI-H2595,CVCL_A545,NCI-H2595,NA,NA,NA
NCI-H2596,CVCL_A546,NCI-H2596,NA,NA,NA
NCI-H2679,CVCL_A550,NCI-H2679,NA,NA,NA
NCI-H2722,CVCL_U994,NCI-H2722,NA,NA,NA
NCI-H2731,CVCL_U995,NCI-H2731,NA,NA,NA
NCI-H2795,CVCL_U996,NCI-H2795,NA,NA,NA
NCI-H28,CVCL_1555,NCI-H28,MESO,MESO,0.18
NCI-H2803,CVCL_U997,NCI-H2803,NA,NA,NA
NCI-H2804,CVCL_U998,NCI-H2804,NA,NA,NA
NCI-H2810,CVCL_U999,NCI-H2810,NA,NA,NA
NCI-H2818,CVCL_V000,NCI-H2818,NA,NA,NA
NCI-H2869,CVCL_V001,NCI-H2869,NA,NA,NA
NCI-H2882,CVCL_5158,NCI-H2882,NA,NA,NA
NCI-H2887,CVCL_5159,NCI-H2887,NA,NA,NA
NCI-H289,CVCL_A554,NCI-H289,NA,NA,NA
NCI-H290,CVCL_A555,NCI-H290,NA,NA,NA
NCI-H292,CVCL_0455,NCI-H292,NA,NA,NA
NCI-H295,CVCL_0456,NCI-H295,NA,NA,NA
NCI-H295R,CVCL_0458,NCI-H295R,NA,NA,NA
NCI-H3118,CVCL_A464,NCI-H3118,NA,NA,NA
NCI-H3122,CVCL_5160,NCI-H3122,LUAD,LUAD,0.61
NCI-H322,CVCL_1556,NCI-H322,NA,NA,NA
NCI-H324,CVCL_3953,NCI-H324,NA,NA,NA
NCI-H3255,CVCL_6831,H3255,LUAD,LUAD,0.59
NCI-H3282,CVCL_X980,NCI-H3282,NA,NA,NA
NCI-H345,CVCL_1558,NCI-H345,NA,NA,NA
NCI-H358,CVCL_1559,NCI-H358,LUAD,LUAD,0.54
NCI-H378,CVCL_1560,NCI-H378,NA,NA,NA
NCI-H441,CVCL_1561,NCI-H441,LUAD,LUAD,0.62
NCI-H446,CVCL_1562,NCI-H446,NA,NA,NA
NCI-H460,CVCL_0459,NCI-H460,NA,NA,NA
NCI-H508,CVCL_1564,NCI-H508,NA,NA,NA
NCI-H510A,CVCL_1565,NCI-H510A,NA,NA,NA
NCI-H513,CVCL_A570,NCI-H513,NA,NA,NA
NCI-H520,CVCL_1566,NCI-H520,LUSC,LUSC,0.54
NCI-H522,CVCL_1567,NCI-H522,LUAD,LUAD,0.49
NCI-H524,CVCL_1568,NCI-H524,NA,NA,NA
NCI-H526,CVCL_1569,NCI-H526,NA,NA,NA
NCI-H596,CVCL_1571,NCI-H596,NA,NA,NA
NCI-H60,CVCL_A592,NCI-H60,NA,NA,NA
NCI-H630,CVCL_1572,NCI-H630,NA,NA,NA
NCI-H64,CVCL_1573,NCI-H64,NA,NA,NA
NCI-H647,CVCL_1574,NCI-H647,NA,NA,NA
NCI-H650,CVCL_1575,NCI-H650,LUAD,LUAD,0.39
NCI-H660,CVCL_1576,NCI-H660,PRAD,PRAD,0.34
NCI-H661,CVCL_1577,NCI-H661,NA,NA,NA
NCI-H684,CVCL_9980,NCI-H684,NA,NA,NA
NCI-H69,CVCL_1579,NCI-H69,NA,NA,NA
NCI-H69/CPR,CVCL_2137,NCI-H69/CPR,NA,NA,NA
NCI-H69/LX10,CVCL_2138,NCI-H69/LX10,NA,NA,NA
NCI-H69VCR/R,CVCL_3058,NCI-H69VCR/R,NA,NA,NA
NCI-H711,CVCL_1580,NCI-H711,NA,NA,NA
NCI-H716,CVCL_1581,NCI-H716,COAD,COAD,0.36
NCI-H719,CVCL_1582,NCI-H719,NA,NA,NA
NCI-H720,CVCL_1583,NCI-H720,NA,NA,NA
NCI-H727,CVCL_1584,NCI-H727,NA,NA,NA
NCI-H735,CVCL_1585,NCI-H735,NA,NA,NA
NCI-H738,CVCL_4365,NCI-H738,NA,NA,NA
NCI-H740,CVCL_1586,NCI-H740,NA,NA,NA
NCI-H747,CVCL_1587,NCI-H747,COAD,COAD,0.5
NCI-H748,CVCL_1588,NCI-H748,NA,NA,NA
NCI-H774,CVCL_1589,NCI-H774,NA,NA,NA
NCI-H810,CVCL_1590,NCI-H810,NA,NA,NA
NCI-H82,CVCL_1591,NCI-H82,LUAD,LUAD,0.2
NCI-H820,CVCL_1592,NCI-H820,NA,NA,NA
NCI-H835,CVCL_1593,NCI-H835,NA,NA,NA
NCI-H838,CVCL_1594,NCI-H838,LUAD,LUAD,0.41
NCI-H841,CVCL_1595,NCI-H841,NA,NA,NA
NCI-H847,CVCL_1596,NCI-H847,NA,NA,NA
NCI-H854,CVCL_A584,NCI-H854,NA,NA,NA
NCI-H865,CVCL_1597,NCI-H865,NA,NA,NA
NCI-H889,CVCL_1598,NCI-H889,NA,NA,NA
NCI-H920,CVCL_1599,NCI-H920,NA,NA,NA
NCI-H929,CVCL_1600,NCI-H929,NA,NA,NA
NCI-H969,CVCL_1601,NCI-H969,NA,NA,NA
NCI-N417,CVCL_1602,NCI-N417,NA,NA,NA
NCI-N87,CVCL_1603,NCI-N87,STAD,STAD,0.6
NCO2,CVCL_3043,NCO2,NA,NA,NA
NEC8,CVCL_1604,NEC8,NA,NA,NA
NGP,CVCL_2141,NGP,NA,NA,NA
NH-12,CVCL_1605,NH-12,NA,NA,NA
NH-6,CVCL_1606,NH-6,NA,NA,NA
NHAHTDD,CVCL_WS73,NHAHTDD,NA,NA,NA
NK-92MI,CVCL_3755,NK-92MI,NA,NA,NA
NKM-1,CVCL_1607,NKM-1,LAML,LAML,0.34
NMC-G1,CVCL_1608,NMC-G1,LGG,LGG,0.36
NOMO-1,CVCL_1609,NOMO-1,LAML,LAML,0.36
NOU-1,CVCL_S912,NOU-1,NA,NA,NA
NOZ,CVCL_3079,NOZ,NA,NA,NA
NP-8,CVCL_4W66,NP-8,NA,NA,NA
NP2,CVCL_A9SM,NP2,NA,NA,NA
NP3,CVCL_A9SN,NP3,NA,NA,NA
NU-DHL-1,CVCL_1876,NU-DHL-1,NA,NA,NA
NU-DUL-1,CVCL_1877,NU-DUL-1,DLBC,DLBC,0.28
NUGC-2,CVCL_1611,NUGC-2,NA,NA,NA
NUGC-3,CVCL_1612,NUGC-3,STAD,STAD,0.38
NUGC-4,CVCL_3082,NUGC-4,STAD,STAD,0.45
NY,CVCL_1613,NY,NA,NA,NA
OACM5.1 C,CVCL_1842,OACM5.1 C,NA,NA,NA
OACP4 C,CVCL_1843,OACP4 C,NA,NA,NA
OAW28,CVCL_1614,OAW-28,OV,OV,0.71
OAW42,CVCL_1615,OAW-42,OV,OV,0.33
OC 314,CVCL_1616,OC-314,OV,OV,0.29
OC 315,CVCL_1617,OC 315,NA,NA,NA
OC 316,CVCL_1618,OC 316,NA,NA,NA
OCC1,CVCL_C829,OCC1,NA,NA,NA
OCI-AML-2,CVCL_1619,OCI-AML2,LAML,LAML,0.32
OCI-AML-3,CVCL_1844,OCI-AML3,LAML,LAML,0.36
OCI-AML-5,CVCL_1620,OCI-AML5,LAML,LAML,0.42
OCI-C5x,CVCL_DH06,OCI-C5x,NA,NA,NA
OCI-Ly10,CVCL_8795,OCI-Ly10,NA,NA,NA
OCI-Ly12,CVCL_8796,OCI-Ly12,NA,NA,NA
OCI-Ly18,CVCL_1880,OCI-Ly18,NA,NA,NA
OCI-Ly19,CVCL_1878,OCI-LY-19,DLBC,DLBC,0.48
OCI-Ly3,CVCL_8800,OCI-Ly3,NA,NA,NA
OCI-Ly7,CVCL_1881,OCI-LY7,DLBC,DLBC,0.25
OCI-Ly8,CVCL_8803,OCI-Ly8,NA,NA,NA
OCI-M1,CVCL_2149,OCI-M1,LAML,LAML,0.26
OCI-M2,CVCL_2150,OCI-M2,NA,NA,NA
OCI-My1,CVCL_E338,OCI-My1,NA,NA,NA
OCI-My5,CVCL_E332,OCI-My5,NA,NA,NA
OCI-My7,CVCL_E333,OCI-My7,NA,NA,NA
OCUB-M,CVCL_1621,OCUB-M,BRCA,BRCA,0.54
OCUG-1,CVCL_3083,OCUG-1,NA,NA,NA
OCUM-1,CVCL_3084,OCUM-1,STAD,STAD,0.46
OE19,CVCL_1622,OE19,NA,NA,NA
OE21,CVCL_2661,OE21,ESCA,ESCA,0.72
OE33,CVCL_0471,OE33,NA,NA,NA
OELE,CVCL_IW56,OELE,NA,NA,NA
OHS,CVCL_B450,OHS,NA,NA,NA
ONCO-DG-1,CVCL_1882,ONCO-DG-1,NA,NA,NA
Onda 10,CVCL_3075,no-10,GBM,GBM,0.54
Onda 11,CVCL_3076,no-11,GBM,GBM,0.39
Onda 7,CVCL_4W67,Onda 7,NA,NA,NA
Onda 8,CVCL_4W68,Onda 8,NA,NA,NA
Onda 9,CVCL_1R14,Onda 9,NA,NA,NA
ONS-76,CVCL_1624,ONS-76,NA,NA,NA
OPM-1,CVCL_5210,OPM-1,NA,NA,NA
OPM-2,CVCL_1625,OPM-2,NA,NA,NA
OS-RC-2,CVCL_1626,OS-RC-2,KIRC,KIRC,0.6
OS252,CVCL_WU66,OS252,NA,NA,NA
OSA-80,CVCL_EQ73,OSA-80,NA,NA,NA
OSC-19,CVCL_3086,OSC-19,NA,NA,NA
OSC-20,CVCL_3087,OSC-20,NA,NA,NA
OUMS-23,CVCL_3088,OUMS-23,NA,NA,NA
OUMS-27,CVCL_3090,OUMS-27,NA,NA,NA
OV-90,CVCL_3768,OV-90,OV,OV,0.5
OV167,CVCL_A402,OV167,NA,NA,NA
OV17R,CVCL_2672,OV-17R,OV,OV,0.58
OV207,CVCL_A404,OV207,NA,NA,NA
OV56,CVCL_2673,OV-56,OV,OV,0.44
OV7,CVCL_2675,OV-7,OV,OV,0.4
OVCA420,CVCL_3935,OVCA420,OV,OV,0.5
OVCA429,CVCL_3936,OVCA429,NA,NA,NA
OVCA432,CVCL_3769,OVCA432,NA,NA,NA
OVCA433,CVCL_0475,OVCA433,NA,NA,NA
OVCAR-10,CVCL_4377,OVCAR-10,NA,NA,NA
OVCAR-2,CVCL_3941,OVCAR-2,NA,NA,NA
OVCAR-3,CVCL_0465,OVCAR-3,OV,OV,0.57
OVCAR-4,CVCL_1627,OVCAR-4,OV,OV,0.66
OVCAR-5,CVCL_1628,OVCAR-5,OV,OV,0.3
OVCAR-8,CVCL_1629,OVCAR-8,OV,OV,0.28
OVISE,CVCL_3116,OVISE,OV,OV,0.34
OVK18,CVCL_3770,OVK-18,OV,OV,0.2
OVKATE,CVCL_3110,OVKATE,OV,OV,0.58
OVMANA,CVCL_3111,OVMANA,NA,NA,NA
OVMIU,CVCL_3112,OVMIU,OV,OV,0.34
OVSAHO,CVCL_3114,OVSAHO,NA,NA,NA
OVTOKO,CVCL_3117,OVTOKO,OV,OV,0.12
P12-Ichikawa,CVCL_1630,P12-Ichikawa,NA,NA,NA
P30/OHK,CVCL_1631,P30/OHK,NA,NA,NA
P31/FUJ,CVCL_1632,P31-FUJ,LAML,LAML,0.28
P32/ISH,CVCL_3119,P32/ISH,NA,NA,NA
P3HR-1,CVCL_2676,P3HR-1,NA,NA,NA
PA-1,CVCL_0479,PA-1,OV,OV,0.19
PaCaDD-119,CVCL_1848,PaCaDD-119,NA,NA,NA
PaCaDD-137,CVCL_1850,PaCaDD-137,NA,NA,NA
PaCaDD-161,CVCL_M466,PaCaDD-161,NA,NA,NA
PaCaDD-165,CVCL_M467,PaCaDD-165,NA,NA,NA
PaCaDD-188,CVCL_M469,PaCaDD-188,NA,NA,NA
Panc 02.03,CVCL_1633,PANC-02-03,PAAD,PAAD,0.59
Panc 02.13,CVCL_1634,Panc 02.13,NA,NA,NA
Panc 03.27,CVCL_1635,PANC-03-27,PAAD,PAAD,0.62
Panc 04.03,CVCL_1636,PANC-04-03,PAAD,PAAD,0.58
Panc 05.04,CVCL_1637,PL18,PAAD,PAAD,0.39
Panc 08.13,CVCL_1638,PANC-08-13,PAAD,PAAD,0.56
Panc 10.05,CVCL_1639,PANC-10-05,PAAD,PAAD,0.49
PANC-1,CVCL_0480,PANC-1,NA,NA,NA
PaTu 8902,CVCL_1845,PA-TU-8902,PAAD,PAAD,0.5
PaTu 8988s,CVCL_1846,PaTu 8988s,NA,NA,NA
PaTu 8988t,CVCL_1847,PA-TU-8988T,PAAD,PAAD,0.5
PC-14,CVCL_1640,PC-14,LUAD,LUAD,0.54
PC-3,CVCL_0035,PC-3,PRAD,PRAD,0.6
PC-9,CVCL_B260,PC-9,NA,NA,NA
PCI-04B,CVCL_C171,PCI-4B,HNSC,HNSC,0.66
PCI-06A,CVCL_C173,PCI-6A,HNSC,HNSC,0.64
PCI-13,CVCL_C182,PCI-13,NA,NA,NA
PCI-15A,CVCL_C184,PCI-15A,HNSC,HNSC,0.58
PCI-24 [Human OCSCC],CVCL_AT94,PCI-24 [Human OCSCC],NA,NA,NA
PCI-30,CVCL_C757,PCI-30,HNSC,HNSC,0.43
PCI-38,CVCL_M471,PCI-38,HNSC,HNSC,0.68
PCM6,CVCL_4666,PCM6,NA,NA,NA
PE-2,CVCL_QX07,PE-2,NA,NA,NA
PE/CA-PJ15,CVCL_2678,PE/CA-PJ15,NA,NA,NA
PE/CA-PJ34 (clone C12),CVCL_2679,PE/CA-PJ34 (clone C12),NA,NA,NA
PE/CA-PJ41 (clone D2),CVCL_2680,PE/CA-PJ41 (clone D2),NA,NA,NA
PE/CA-PJ49,CVCL_2681,PE/CA-PJ49,NA,NA,NA
PEA1,CVCL_2682,PEA1,NA,NA,NA
PEA2,CVCL_2683,PEA2,NA,NA,NA
Peer,CVCL_1913,Peer,NA,NA,NA
PEO1,CVCL_2686,PEO1,OV,OV,0.63
PEO14,CVCL_2687,PEO14,NA,NA,NA
PEO4,CVCL_2690,PEO4,NA,NA,NA
PF-382,CVCL_1641,PF-382,NA,NA,NA
Pfeiffer,CVCL_3326,Pfeiffer,NA,NA,NA
PFSK-1,CVCL_1642,PFSK-1,NA,NA,NA
PK-1,CVCL_4717,PK-1,NA,NA,NA
PK-45H,CVCL_6748,PK-45H,NA,NA,NA
PK-59,CVCL_4897,PK-59,NA,NA,NA
PL-21,CVCL_2161,PL-21,LAML,LAML,0.38
PL4,CVCL_S976,PL4,PAAD,PAAD,0.58
PL45,CVCL_3567,PL45,NA,NA,NA
PLB-985,CVCL_2162,PLB-985,NA,NA,NA
PLC/PRF/5,CVCL_0485,PLC/PRF/5,NA,NA,NA
PMDC05,CVCL_5G47,PMDC05,NA,NA,NA
PrEC LH,CVCL_V626,PrEC LH,NA,NA,NA
PSN1,CVCL_1644,PSN1,PAAD,PAAD,0.57
PWR-1E,CVCL_3775,PWR-1E,NA,NA,NA
QGP-1,CVCL_3143,QGP-1,NA,NA,NA
QIMR-WIL,CVCL_1645,QIMR-WIL,LAML,LAML,0.07
Raji,CVCL_0511,Raji,NA,NA,NA
Ramos,CVCL_0597,Ramos,NA,NA,NA
Ramos.2G6.4C10,CVCL_1646,Ramos.2G6.4C10,NA,NA,NA
RBE,CVCL_4896,RBE,NA,NA,NA
RC-K8,CVCL_1883,RC-K8,DLBC,DLBC,0.27
RCC-KL,CVCL_5881,RCC-KL,NA,NA,NA
RCC10RGB,CVCL_1647,RCC10RGB,KIRC,KIRC,0.36
RCC4,CVCL_0498,RCC4,NA,NA,NA
RCH-ACV,CVCL_1851,RCH-ACV,NA,NA,NA
RD,CVCL_1649,RD,NA,NA,NA
RD-ES,CVCL_2169,RD-ES,NA,NA,NA
REC-1,CVCL_1884,REC-1,NA,NA,NA
Reh,CVCL_1650,Reh,NA,NA,NA
RERF-GC-1B,CVCL_3152,RERF-GC-1B,STAD,STAD,0.49
RERF-LC-A1,CVCL_4402,RERF-LC-A1,NA,NA,NA
RERF-LC-Ad1,CVCL_1651,RERF-LC-Ad1,NA,NA,NA
RERF-LC-Ad2,CVCL_1652,RERF-LC-Ad2,NA,NA,NA
RERF-LC-FM,CVCL_1653,RERF-LC-FM,NA,NA,NA
RERF-LC-KJ,CVCL_1654,RERF-LC-KJ,LUAD,LUAD,0.55
RERF-LC-MS,CVCL_1655,RERF-LC-MS,LUAD,LUAD,0.32
RERF-LC-Sq1,CVCL_1656,RERF-LC-Sq1,LUSC,LUSC,0.55
Res262,CVCL_VU83,Res262,NA,NA,NA
RF-48,CVCL_1657,RF-48,DLBC,DLBC,0.33
Rh1,CVCL_1658,Rh1,NA,NA,NA
Rh18,CVCL_1659,Rh18,NA,NA,NA
Rh18c,CVCL_DG02,Rh18c,NA,NA,NA
Rh28,CVCL_8752,Rh28,NA,NA,NA
Rh28/L-PAM,CVCL_Y584,Rh28/L-PAM,NA,NA,NA
Rh30,CVCL_0041,Rh30,NA,NA,NA
Rh36,CVCL_M599,Rh36,NA,NA,NA
Rh4,CVCL_5916,Rh4,NA,NA,NA
Rh41,CVCL_2176,Rh41,NA,NA,NA
RhJT,CVCL_VU81,RhJT,NA,NA,NA
Ri-1,CVCL_1885,Ri-1,NA,NA,NA
RKN,CVCL_3156,RKN,NA,NA,NA
RKO,CVCL_0504,RKO,COAD,COAD,0.42
RL,CVCL_1660,RL,DLBC,DLBC,0.36
RL95-2,CVCL_0505,RL95-2,UCEC,UCEC,0.43
RMG-I,CVCL_1662,RMG-I,OV,OV,0.22
RMS559,CVCL_S640,RMS559,NA,NA,NA
RMUG-S,CVCL_3158,RMUG-S,NA,NA,NA
ROS-50,CVCL_1887,ROS-50,DLBC,DLBC,0.22
RPMI-2650,CVCL_1664,RPMI-2650,HNSC,HNSC,0.01
RPMI-6666,CVCL_1665,RPMI-6666,NA,NA,NA
RPMI-7951,CVCL_1666,RPMI-7951,SKCM,SKCM,0.5
RPMI-8226,CVCL_0014,RPMI-8226,NA,NA,NA
RPMI-8402,CVCL_1667,RPMI-8402,NA,NA,NA
RPMI-8866,CVCL_1668,RPMI-8866,NA,NA,NA
RS-5,CVCL_2182,RS-5,NA,NA,NA
RS4;11,CVCL_0093,RS4;11,NA,NA,NA
RT-112,CVCL_1670,RT-112,BLCA,BLCA,0.64
RT-4,CVCL_0036,RT4,BLCA,BLCA,0.36
RT112/84,CVCL_2714,RT112/84,NA,NA,NA
RTSG,CVCL_1671,RTSG,NA,NA,NA
RVH-421,CVCL_1672,RVH-421,SKCM,SKCM,0.6
RWPE-1,CVCL_3791,RWPE-1,NA,NA,NA
RWPE2-W99,CVCL_3793,RWPE2-W99,NA,NA,NA
RXF 393L,CVCL_1673,RXF393,KIRC,KIRC,0.41
S-117,CVCL_1674,S-117,THCA,THCA,0.24
SACC-83,CVCL_H589,SACC-83,NA,NA,NA
SACHI,CVCL_M501,SACHI,NA,NA,NA
SALE,CVCL_WS60,SALE,NA,NA,NA
SaOS-2,CVCL_0548,SaOS-2,NA,NA,NA
Sarc9371,CVCL_5G89,Sarc9371,NA,NA,NA
SAS,CVCL_1675,SAS,NA,NA,NA
SBC-1,CVCL_1676,SBC-1,NA,NA,NA
SBC-3,CVCL_1678,SBC-3,NA,NA,NA
SBC-5,CVCL_1679,SBC-5,NA,NA,NA
SBcl2,CVCL_D732,SBcl2,NA,NA,NA
Sc-1,CVCL_1888,Sc-1,NA,NA,NA
SCaBER,CVCL_3599,SCaBER,BLCA,BLCA,0.49
SCC-15,CVCL_1681,SCC-15,NA,NA,NA
SCC-25,CVCL_1682,SCC-25,NA,NA,NA
SCC-3,CVCL_1683,SCC-3,DLBC,DLBC,0.05
SCC-4,CVCL_1684,SCC-4,NA,NA,NA
SCC-61,CVCL_7118,SCC-61,NA,NA,NA
SCC-9,CVCL_1685,SCC-9,NA,NA,NA
SCCH-196,CVCL_3161,SCCH-196,NA,NA,NA
SCCH-26,CVCL_1686,SCCH-26,NA,NA,NA
SCCOHT-1,CVCL_VU69,SCCOHT-1,NA,NA,NA
SCH,CVCL_1687,SCH,STAD,STAD,0.53
SCLC-21H,CVCL_0024,SCLC-21H,NA,NA,NA
SCMC-RM2,CVCL_A667,SCMC-RM2,NA,NA,NA
SCS214,CVCL_WU91,SCS214,NA,NA,NA
SEKI,CVCL_3162,SEKI,NA,NA,NA
SEM,CVCL_0095,SEM,NA,NA,NA
SEMK2,CVCL_S906,SEMK2,NA,NA,NA
SET-2,CVCL_2187,SET-2,NA,NA,NA
Sez-4,CVCL_8330,Sez-4,NA,NA,NA
SF126,CVCL_1688,SF126,GBM,GBM,0.51
SF172,CVCL_V613,SF172,NA,NA,NA
SF268,CVCL_1689,SF268,LGG,LGG,0.39
SF295,CVCL_1690,SF295,GBM,GBM,0.47
SF539,CVCL_1691,SF539,NA,NA,NA
SF767,CVCL_6950,SF767,NA,NA,NA
SG231,CVCL_0519,SG231,NA,NA,NA
SH-10-TC,CVCL_5167,SH-10-TC,NA,NA,NA
SH-4,CVCL_1692,SH-4,SKCM,SKCM,0.71
SH-EP,CVCL_0524,SH-EP,NA,NA,NA
SH-SY5Y,CVCL_0019,SH-SY5Y,NA,NA,NA
SHI-1,CVCL_2191,SHI-1,NA,NA,NA
SHP-77,CVCL_1693,SHP-77,NA,NA,NA
SIG-M5,CVCL_1694,SIG-M5,LAML,LAML,0.31
SiHa,CVCL_0032,SiHa,CESC,CESC,0.36
SiMa,CVCL_1695,SiMa,NA,NA,NA
SiSo,CVCL_2193,SISO,CESC,CESC,0.43
SJNB-10,CVCL_1441,SJNB-10,NA,NA,NA
SJNB-12,CVCL_1442,SJNB-12,NA,NA,NA
SJNB-13,CVCL_1443,SJNB-13,NA,NA,NA
SJNB-14,CVCL_1444,SJNB-14,NA,NA,NA
SJNB-17,CVCL_1445,SJNB-17,NA,NA,NA
SJNB-5,CVCL_8822,SJNB-5,NA,NA,NA
SJNB-6,CVCL_8823,SJNB-6,NA,NA,NA
SJNB-7,CVCL_8824,SJNB-7,NA,NA,NA
SJSA-1,CVCL_1697,SJSA-1,NA,NA,NA
SK-BR-3,CVCL_0033,SK-BR-3,NA,NA,NA
SK-CO-1,CVCL_0626,SK-CO-1,COAD,COAD,0.5
SK-ES-1,CVCL_0627,SK-ES-1,NA,NA,NA
SK-GT-2,CVCL_2194,SK-GT-2,STAD,STAD,0.56
SK-GT-4,CVCL_2195,SK-GT-4,NA,NA,NA
SK-HEP-1,CVCL_0525,SK-HEP-1,LIHC,LIHC,0.24
SK-LMS-1,CVCL_0628,SK-LMS-1,NA,NA,NA
SK-LU-1,CVCL_0629,SK-LU-1,LUAD,LUAD,0.4
SK-MEL-1,CVCL_0068,SK-MEL-1,SKCM,SKCM,0.56
SK-MEL-173,CVCL_6090,SK-MEL-173,NA,NA,NA
SK-MEL-19,CVCL_6025,SK-MEL-19,NA,NA,NA
SK-MEL-2,CVCL_0069,SK-MEL-2,SKCM,SKCM,0.47
SK-MEL-24,CVCL_0599,SK-MEL-24,SKCM,SKCM,0.65
SK-MEL-28,CVCL_0526,SK-MEL-28,SKCM,SKCM,0.61
SK-MEL-3,CVCL_0550,SK-MEL-3,SKCM,SKCM,0.55
SK-MEL-30,CVCL_0039,SK-MEL-30,SKCM,SKCM,0.53
SK-MEL-31,CVCL_0600,SK-MEL-31,SKCM,SKCM,0.67
SK-MEL-5,CVCL_0527,SK-MEL-5,SKCM,SKCM,0.66
SK-MES-1,CVCL_0630,SK-MES-1,LUSC,LUSC,0.42
SK-MG-1,CVCL_1698,SK-MG-1,LGG,LGG,0.37
SK-MM-1,CVCL_A478,SK-MM-1,NA,NA,NA
SK-MM-2,CVCL_1699,SK-MM-2,NA,NA,NA
SK-N-AS,CVCL_1700,SK-N-AS,NA,NA,NA
SK-N-BE(2),CVCL_0528,SK-N-BE(2),NA,NA,NA
SK-N-BE(2)-M17,CVCL_0167,SK-N-BE(2)-M17,NA,NA,NA
SK-N-DZ,CVCL_1701,SK-N-DZ,NA,NA,NA
SK-N-FI,CVCL_1702,SK-N-FI,NA,NA,NA
SK-N-MC,CVCL_0530,SK-N-MC,NA,NA,NA
SK-N-MC-IXC,CVCL_1398,SK-N-MC-IXC,NA,NA,NA
SK-N-SH,CVCL_0531,SK-N-SH,NA,NA,NA
SK-NEP-1,CVCL_0631,SK-NEP-1,KIRC,KIRC,0.35
SK-OV-3,CVCL_0532,SK-OV-3,OV,OV,0.32
SK-PN-DW,CVCL_1703,SK-PN-DW,NA,NA,NA
SK-PN-LI,CVCL_A748,SK-PN-LI,NA,NA,NA
SK-RC-20,CVCL_V605,SK-RC-20,NA,NA,NA
SK-RC-31,CVCL_6186,SK-RC-31,NA,NA,NA
SK-UT-1,CVCL_0533,SK-UT-1,NA,NA,NA
SK-UT-1B,CVCL_2250,SK-UT-1B,NA,NA,NA
SK-UT-2,CVCL_IW37,SK-UT-2,NA,NA,NA
SKG-I,CVCL_2793,SKG-I,NA,NA,NA
SKG-II,CVCL_2794,SKG-II,NA,NA,NA
SKG-IIIa,CVCL_1704,SKG-IIIa,CESC,CESC,0.34
SKM-1,CVCL_0098,SKM-1,LAML,LAML,0.31
SKN,CVCL_3167,SKN,HNSC,HNSC,0.37
SKN-3,CVCL_3168,SKN-3,HNSC,HNSC,0.68
SKNO-1,CVCL_2196,SKNO-1,NA,NA,NA
SLR20,CVCL_V606,SLR20,NA,NA,NA
SLR21,CVCL_V607,SLR21,NA,NA,NA
SLR23,CVCL_V609,SLR23,NA,NA,NA
SLR24,CVCL_V610,SLR24,NA,NA,NA
SLR25,CVCL_V611,SLR25,NA,NA,NA
SLR26,CVCL_V612,SLR26,NA,NA,NA
SMS-CTR,CVCL_A770,SMS-CTR,NA,NA,NA
SMZ-1,CVCL_RL84,SMZ-1,NA,NA,NA
SN12C,CVCL_1705,SN12C,KIRC,KIRC,0.33
SNB-19,CVCL_0535,SNB-19,NA,NA,NA
SNB-75,CVCL_1706,SNB75,GBM,GBM,0.43
SNG-II,CVCL_3170,SNG-II,NA,NA,NA
SNG-M,CVCL_1707,SNG-M,UCEC,UCEC,0.22
SNU-1,CVCL_0099,SNU-1,NA,NA,NA
SNU-1033,CVCL_5002,SNU-1033,NA,NA,NA
SNU-1040,CVCL_5003,SNU-1040,COAD,COAD,0.47
SNU-1041,CVCL_L085,SNU-1041,NA,NA,NA
SNU-1066,CVCL_5005,SNU-1066,NA,NA,NA
SNU-1076,CVCL_5006,SNU-1076,NA,NA,NA
SNU-1077,CVCL_5007,SNU-1077,NA,NA,NA
SNU-1079,CVCL_5008,SNU-1079,NA,NA,NA
SNU-1105,CVCL_5010,SNU-1105,NA,NA,NA
SNU-119,CVCL_5014,SNU-119,NA,NA,NA
SNU-1196,CVCL_5015,SNU-1196,NA,NA,NA
SNU-1197,CVCL_5016,SNU-1197,NA,NA,NA
SNU-1214,CVCL_5017,SNU-1214,NA,NA,NA
SNU-1272,CVCL_8788,SNU-1272,NA,NA,NA
SNU-1544,CVCL_5027,SNU-1544,NA,NA,NA
SNU-16,CVCL_0076,SNU-16,NA,NA,NA
SNU-175,CVCL_5031,SNU-175,COAD,COAD,0.26
SNU-182,CVCL_0090,SNU-182,LIHC,LIHC,0.53
SNU-201,CVCL_5033,SNU-201,NA,NA,NA
SNU-213,CVCL_5034,SNU-213,NA,NA,NA
SNU-216,CVCL_3946,SNU-216,NA,NA,NA
SNU-245,CVCL_5038,SNU-245,NA,NA,NA
SNU-283,CVCL_5044,SNU-283,READ,READ,0.29
SNU-308,CVCL_5048,SNU-308,NA,NA,NA
SNU-324,CVCL_5051,SNU-324,NA,NA,NA
SNU-349,CVCL_5054,SNU-349,NA,NA,NA
SNU-387,CVCL_0250,SNU-387,LIHC,LIHC,0.54
SNU-398,CVCL_0077,SNU-398,LIHC,LIHC,0.52
SNU-407,CVCL_5058,SNU-407,COAD,COAD,0.54
SNU-410,CVCL_5059,SNU-410,NA,NA,NA
SNU-423,CVCL_0366,SNU-423,LIHC,LIHC,0.39
SNU-449,CVCL_0454,SNU-449,LIHC,LIHC,0.39
SNU-46,CVCL_5063,SNU-46,NA,NA,NA
SNU-466,CVCL_5064,SNU-466,NA,NA,NA
SNU-475,CVCL_0497,SNU-475,LIHC,LIHC,0.5
SNU-478,CVCL_5065,SNU-478,NA,NA,NA
SNU-489,CVCL_5069,SNU-489,NA,NA,NA
SNU-5,CVCL_0078,SNU-5,NA,NA,NA
SNU-503,CVCL_5071,SNU-503,NA,NA,NA
SNU-520,CVCL_5072,SNU-520,NA,NA,NA
SNU-601,CVCL_0101,SNU-601,NA,NA,NA
SNU-61,CVCL_5078,SNU-61,READ,READ,0.59
SNU-620,CVCL_5079,SNU-620,NA,NA,NA
SNU-626,CVCL_5080,SNU-626,NA,NA,NA
SNU-638,CVCL_0102,SNU-638,NA,NA,NA
SNU-668,CVCL_5081,SNU-668,NA,NA,NA
SNU-685,CVCL_5083,SNU-685,NA,NA,NA
SNU-719,CVCL_5086,SNU-719,NA,NA,NA
SNU-738,CVCL_5087,SNU-738,NA,NA,NA
SNU-761,CVCL_5089,SNU-761,NA,NA,NA
SNU-8,CVCL_5096,SNU-8,NA,NA,NA
SNU-81,CVCL_5098,SNU-81,COAD,COAD,0.49
SNU-840,CVCL_5100,SNU-840,NA,NA,NA
SNU-869,CVCL_5101,SNU-869,NA,NA,NA
SNU-878,CVCL_5102,SNU-878,NA,NA,NA
SNU-886,CVCL_5103,SNU-886,NA,NA,NA
SNU-899,CVCL_5105,SNU-899,NA,NA,NA
SNU-C1,CVCL_1708,SNU-C1,COAD,COAD,0.56
SNU-C2A,CVCL_1709,SNU-C2A,NA,NA,NA
SNU-C2B,CVCL_1710,SNU-C2B,COAD,COAD,0.39
SNU-C4,CVCL_5111,SNU-C4,NA,NA,NA
SNU-C5,CVCL_5112,SNU-C5,COAD,COAD,0.42
SPAC-1-L,CVCL_IW47,SPAC-1-L,NA,NA,NA
Sq-1,CVCL_4900,Sq-1,NA,NA,NA
SqCC/Y1,CVCL_0551,SqCC/Y1,NA,NA,NA
SR,CVCL_1711,SR,NA,NA,NA
SSP-25,CVCL_4902,SSP-25,NA,NA,NA
ST486,CVCL_1712,ST486,NA,NA,NA
ST88-14,CVCL_8916,ST88-14,NA,NA,NA
STM91-01,CVCL_8000,STM91-01,NA,NA,NA
STS-0421,CVCL_X508,STS-0421,STAD,STAD,0.2
SU-DHL-1,CVCL_0538,SU-DHL-1,NA,NA,NA
SU-DHL-10,CVCL_1889,SU-DHL-10,DLBC,DLBC,0.2
SU-DHL-16,CVCL_1890,SU-DHL-16,DLBC,DLBC,0.27
SU-DHL-2,CVCL_9550,SU-DHL-2,NA,NA,NA
SU-DHL-4,CVCL_0539,SU-DHL-4,DLBC,DLBC,0.31
SU-DHL-5,CVCL_1735,SU-DHL-5,DLBC,DLBC,0.19
SU-DHL-6,CVCL_2206,SU-DHL-6,DLBC,DLBC,0.41
SU-DHL-8,CVCL_2207,SU-DHL-8,DLBC,DLBC,0.33
SU-DHL-9,CVCL_4379,SU-DHL-9,NA,NA,NA
SU-DIPG-IV,CVCL_IT39,SU-DIPG-IV,NA,NA,NA
SU-DIPG-VI,CVCL_IT40,SU-DIPG-VI,NA,NA,NA
SU-DIPG-XIII,CVCL_IT41,SU-DIPG-XIII,NA,NA,NA
SU.86.86,CVCL_3881,SU8686,PAAD,PAAD,0.64
SUIT-2,CVCL_3172,SUIT-2,PAAD,PAAD,0.42
SUM149PT,CVCL_3422,SUM149PT,NA,NA,NA
SUM159PT,CVCL_5423,SUM159PT,NA,NA,NA
SUM190PT,CVCL_3423,SUM190PT,NA,NA,NA
SUM225CWN,CVCL_5593,SUM225CWN,NA,NA,NA
SUM229PE,CVCL_5594,SUM229PE,NA,NA,NA
SUM52PE,CVCL_3425,SUM52PE,NA,NA,NA
SUP-B15,CVCL_0103,SUP-B15,NA,NA,NA
SUP-B8,CVCL_1713,SUP-B8,NA,NA,NA
SUP-HD1,CVCL_2208,SUP-HD1,NA,NA,NA
SUP-M2,CVCL_2209,SUP-M2,NA,NA,NA
SUP-T1,CVCL_1714,SUP-T1,NA,NA,NA
SUP-T11,CVCL_2210,SUP-T11,NA,NA,NA
SW1088,CVCL_1715,SW1088,LGG,LGG,0.37
SW1116,CVCL_0544,SW1116,COAD,COAD,0.63
SW1271,CVCL_1716,SW1271,NA,NA,NA
SW13,CVCL_0542,SW13,NA,NA,NA
SW1353,CVCL_0543,SW1353,NA,NA,NA
SW1417,CVCL_1717,SW1417,COAD,COAD,0.59
SW1463,CVCL_1718,SW1463,READ,READ,0.68
SW156,CVCL_1719,SW156,NA,NA,NA
SW1573,CVCL_1720,SW1573,LUAD,LUAD,0.28
SW1710,CVCL_1721,SW1710,BLCA,BLCA,0.51
SW1783,CVCL_1722,SW1783,LGG,LGG,0.27
SW1990,CVCL_1723,SW1990,PAAD,PAAD,0.61
SW403,CVCL_0545,SW403,NA,NA,NA
SW48,CVCL_1724,SW48,COAD,COAD,0.47
SW480,CVCL_0546,SW480,NA,NA,NA
SW579,CVCL_3603,SW579,NA,NA,NA
SW620,CVCL_0547,SW620,COAD,COAD,0.55
SW626,CVCL_1725,SW626,COAD,COAD,0.58
SW684,CVCL_1726,SW684,NA,NA,NA
SW756,CVCL_1727,SW756,CESC,CESC,0.28
SW780,CVCL_1728,SW780,BLCA,BLCA,0.51
SW837,CVCL_1729,SW837,READ,READ,0.57
SW872,CVCL_1730,SW872,NA,NA,NA
SW900,CVCL_1731,SW900,LUSC,LUSC,0.41
SW948,CVCL_0632,SW948,COAD,COAD,0.64
SW954,CVCL_1732,SW954,NA,NA,NA
SW962,CVCL_1733,SW962,NA,NA,NA
SW982,CVCL_1734,SW982,NA,NA,NA
SYO-1,CVCL_7146,SYO-1,NA,NA,NA
T-47D,CVCL_0553,T47D,BRCA,BRCA,0.56
T.T,CVCL_3174,T-T,ESCA,ESCA,0.64
T1-73,CVCL_3605,T1-73,NA,NA,NA
T24,CVCL_0554,T-24,BLCA,BLCA,0.4
T24T,CVCL_M892,T24T,NA,NA,NA
T24T FL3,CVCL_M897,T24T FL3,NA,NA,NA
T3M-10,CVCL_8067,T3M-10,NA,NA,NA
T3M-4,CVCL_4056,T3M-4,NA,NA,NA
T84,CVCL_0555,T84,COAD,COAD,0.52
T98G,CVCL_0556,T98G,GBM,GBM,0.57
Takigawa,CVCL_3176,Takigawa,NA,NA,NA
Tanoue,CVCL_1852,Tanoue,NA,NA,NA
TASK1,CVCL_3177,TASK1,NA,NA,NA
TC-138,CVCL_4Z30,TC-138,NA,NA,NA
TC-205,CVCL_4Z31,TC-205,NA,NA,NA
TC-248,CVCL_4Z35,TC-248,NA,NA,NA
TC-32,CVCL_7151,TC-32,NA,NA,NA
TC-71,CVCL_2213,TC-71,NA,NA,NA
TC-YIK,CVCL_1737,TC-YIK,NA,NA,NA
TC587,CVCL_ZV62,TC587,NA,NA,NA
TCC-Pan2,CVCL_3178,TCC-Pan2,NA,NA,NA
TCCSUP,CVCL_1738,TCCSUP,BLCA,BLCA,0.35
TE 125.T,CVCL_1740,TE 125.T,NA,NA,NA
TE 159.T,CVCL_1743,TE 159.T,NA,NA,NA
TE 161.T,CVCL_1744,TE 161.T,NA,NA,NA
TE 441.T,CVCL_1754,TE 441.T,NA,NA,NA
TE 617.T,CVCL_1755,TE 617.T,NA,NA,NA
TE-1,CVCL_1759,TE-1,ESCA,ESCA,0.39
TE-10,CVCL_1760,TE-10,ESCA,ESCA,0.69
TE-11,CVCL_1761,TE-11,ESCA,ESCA,0.56
TE-12,CVCL_1762,TE-12,ESCA,ESCA,0.32
TE-14,CVCL_3336,TE-14,NA,NA,NA
TE-15,CVCL_1763,TE-15,ESCA,ESCA,0.57
TE-4,CVCL_3337,TE-4,ESCA,ESCA,0.41
TE-5,CVCL_1764,TE-5,ESCA,ESCA,0.51
TE-6,CVCL_1765,TE-6,ESCA,ESCA,0.58
TE-8,CVCL_1766,TE-8,ESCA,ESCA,0.54
TE-9,CVCL_1767,TE-9,ESCA,ESCA,0.61
TEN,CVCL_E063,TEN,NA,NA,NA
Tera-1,CVCL_2776,Tera-1,NA,NA,NA
TF-1,CVCL_0559,TF-1,NA,NA,NA
TFK-1,CVCL_2214,TFK-1,NA,NA,NA
TGBC11TKB,CVCL_1768,TGBC11TKB,STAD,STAD,0.3
TGBC1TKB,CVCL_1769,TGBC1TKB,NA,NA,NA
TGBC24TKB,CVCL_1770,TGBC24TKB,NA,NA,NA
TGW,CVCL_1771,TGW,NA,NA,NA
Thomas,CVCL_UB96,Thomas,NA,NA,NA
THP-1,CVCL_0006,THP-1,LAML,LAML,0.4
TIG-3 TD,CVCL_V617,TIG-3 TD,NA,NA,NA
TK-10,CVCL_1773,TK10,KIRC,KIRC,0.29
TLBR-1,CVCL_L177,TLBR-1,NA,NA,NA
TM-31,CVCL_6735,TM-31,NA,NA,NA
Tm87-16,CVCL_8001,Tm87-16,NA,NA,NA
TMD8,CVCL_A442,TMD8,NA,NA,NA
TMK-1,CVCL_4384,TMK-1,NA,NA,NA
TO 175.T,CVCL_3806,TO 175.T,NA,NA,NA
TO14,CVCL_2734,TO14,NA,NA,NA
Toledo,CVCL_3611,Toledo,NA,NA,NA
TOV-112D,CVCL_3612,TOV-112D,OV,OV,0.44
TOV-21G,CVCL_3613,TOV-21G,OV,OV,0.13
TR146,CVCL_2736,TR146,NA,NA,NA
TS603,CVCL_A5HW,TS603,NA,NA,NA
TT2609-C02,CVCL_2218,TT2609-C02,THCA,THCA,0.44
TTC-1240,CVCL_8002,TTC-1240,NA,NA,NA
TTC-442,CVCL_B255,TTC-442,NA,NA,NA
TTC-466,CVCL_A444,TTC-466,NA,NA,NA
TTC-475,CVCL_IW46,TTC-475,NA,NA,NA
TTC-516,CVCL_8004,TTC-516,NA,NA,NA
TTC-547,CVCL_7152,TTC-547,NA,NA,NA
TTC-549,CVCL_8005,TTC-549,NA,NA,NA
TTC-642,CVCL_8006,TTC-642,NA,NA,NA
TTC-709,CVCL_8007,TTC-709,NA,NA,NA
TU-OC-1,CVCL_L700,TU-OC-1,NA,NA,NA
TUHR10TKB,CVCL_5952,TUHR10TKB,NA,NA,NA
TUHR14TKB,CVCL_5953,TUHR14TKB,NA,NA,NA
TUHR4TKB,CVCL_5957,TUHR4TKB,NA,NA,NA
TUR,CVCL_1775,TUR,LAML,LAML,0.35
TVBF-7,CVCL_C4KR,TVBF-7,NA,NA,NA
TYK-nu,CVCL_1776,TYK-nu,OV,OV,0.3
U-118MG,CVCL_0633,U-118-MG,LGG,LGG,0.45
U-138MG,CVCL_0020,U-138MG,NA,NA,NA
U-178MG,CVCL_A758,U-178MG,NA,NA,NA
U-251MG,CVCL_0021,U251,LGG,LGG,0.42
U-2904,CVCL_X504,U-2904,NA,NA,NA
U-2932,CVCL_1896,U-2932,NA,NA,NA
U-2940,CVCL_1897,U-2940,NA,NA,NA
U-698-M,CVCL_0017,U-698-M,DLBC,DLBC,0.4
U-87MG ATCC,CVCL_0022,U-87-MG,GBM,GBM,0.48
U-937,CVCL_0007,U-937,NA,NA,NA
U-BLC1,CVCL_2738,U-BLC1,NA,NA,NA
U-CH1,CVCL_4988,U-CH1,NA,NA,NA
U-CH2,CVCL_4989,U-CH2,NA,NA,NA
U-HO1,CVCL_2220,U-HO1,NA,NA,NA
U266B1,CVCL_0566,U266B1,NA,NA,NA
U2OS,CVCL_0042,U2OS,NA,NA,NA
UACC-257,CVCL_1779,UACC-257,SKCM,SKCM,0.59
UACC-62,CVCL_1780,UACC-62,SKCM,SKCM,0.6
UACC-732,CVCL_4050,UACC-732,NA,NA,NA
UACC-812,CVCL_1781,UACC-812,BRCA,BRCA,0.29
UACC-893,CVCL_1782,UACC-893,BRCA,BRCA,0.65
UD-SCC-2,CVCL_E325,UD-SCC-2,NA,NA,NA
UE6E7T-3,CVCL_3237,UE6E7T-3,NA,NA,NA
UISO-MCC-1,CVCL_E996,UISO-MCC-1,NA,NA,NA
UM-Chor1,CVCL_1D68,UM-Chor1,NA,NA,NA
UM-RC-2,CVCL_2739,UM-RC-2,NA,NA,NA
UM-RC-6,CVCL_2741,UM-RC-6,NA,NA,NA
UM-SCC-1,CVCL_7707,UM-SCC-1,NA,NA,NA
UM-SCC-10A,CVCL_7713,UM-SCC-10A,NA,NA,NA
UM-SCC-11B,CVCL_7716,UM-SCC-11B,NA,NA,NA
UM-SCC-12,CVCL_7717,UM-SCC-12,NA,NA,NA
UM-SCC-14B,CVCL_7720,UM-SCC-14B,NA,NA,NA
UM-SCC-17A,CVCL_7724,UM-SCC-17A,NA,NA,NA
UM-SCC-17B,CVCL_7725,UM-SCC-17B,NA,NA,NA
UM-SCC-19,CVCL_7727,UM-SCC-19,NA,NA,NA
UM-SCC-22A,CVCL_7731,UM-SCC-22A,NA,NA,NA
UM-SCC-38,CVCL_7749,UM-SCC-38,NA,NA,NA
UM-SCC-4,CVCL_7751,UM-SCC-4,NA,NA,NA
UM-SCC-47,CVCL_7759,UM-SCC-47,NA,NA,NA
UM-SCC-5,CVCL_7762,UM-SCC-5,NA,NA,NA
UM-SCC-6,CVCL_7773,UM-SCC-6,NA,NA,NA
UM-SCC-7,CVCL_7776,UM-SCC-7,NA,NA,NA
UM-SCC-74A,CVCL_7779,UM-SCC-74A,NA,NA,NA
UM-SCC-8,CVCL_7781,UM-SCC-8,NA,NA,NA
UM-SCC-81A,CVCL_7783,UM-SCC-81A,NA,NA,NA
UM-UC-1,CVCL_2743,UM-UC-1,NA,NA,NA
UM-UC-10,CVCL_2744,UM-UC-10,NA,NA,NA
UM-UC-11,CVCL_2745,UM-UC-11,NA,NA,NA
UM-UC-12,CVCL_S992,UM-UC-12,NA,NA,NA
UM-UC-13,CVCL_2746,UM-UC-13,NA,NA,NA
UM-UC-14,CVCL_2747,UM-UC-14,NA,NA,NA
UM-UC-15,CVCL_R742,UM-UC-15,NA,NA,NA
UM-UC-16,CVCL_2748,UM-UC-16,NA,NA,NA
UM-UC-17,CVCL_R743,UM-UC-17,NA,NA,NA
UM-UC-3,CVCL_1783,UM-UC-3,BLCA,BLCA,0.32
UM-UC-3-LuL-2,CVCL_VL58,UM-UC-3-LuL-2,NA,NA,NA
UM-UC-5,CVCL_2750,UM-UC-5,NA,NA,NA
UM-UC-6,CVCL_2751,UM-UC-6,NA,NA,NA
UM-UC-7,CVCL_2752,UM-UC-7,NA,NA,NA
UM-UC-9,CVCL_2753,UM-UC-9,NA,NA,NA
UMC-11,CVCL_1784,UMC-11,NA,NA,NA
UO-31,CVCL_1911,U031,KIRC,KIRC,0.31
UOK101,CVCL_B076,UOK101,NA,NA,NA
UOK102,CVCL_B080,UOK102,NA,NA,NA
UOK109,CVCL_B087,UOK109,NA,NA,NA
UOK120,CVCL_B099,UOK120,NA,NA,NA
UOK121,CVCL_B100,UOK121,NA,NA,NA
UOK122,CVCL_B102,UOK122,NA,NA,NA
UOK124,CVCL_B105,UOK124,NA,NA,NA
UOK130,CVCL_B112,UOK130,NA,NA,NA
UOK139,CVCL_B118,UOK139,NA,NA,NA
UOK145,CVCL_B122,UOK145,NA,NA,NA
UOK146,CVCL_B123,UOK146,NA,NA,NA
UOK161,CVCL_B128,UOK161,NA,NA,NA
UOK257,CVCL_S717,UOK257,NA,NA,NA
UOK262,CVCL_1D72,UOK262,NA,NA,NA
UPCI-SCC-003,CVCL_C025,UPCI-SCC-003,NA,NA,NA
UPCI-SCC-016,CVCL_C027,UPCI-SCC-016,NA,NA,NA
UPCI-SCC-090,CVCL_1899,SCC90,HNSC,HNSC,0.35
UPCI-SCC-125,CVCL_C054,UPCI-SCC-125,NA,NA,NA
UPCI-SCC-152,CVCL_C058,UPCI-SCC-152,NA,NA,NA
UPCI-SCC-153,CVCL_C059,UPCI-SCC-153,NA,NA,NA
UPCI-SCC-154,CVCL_2230,UPCI-SCC-154,NA,NA,NA
UPN251,CVCL_DG78,UPN251,NA,NA,NA
USPC-ARK-2,CVCL_IV73,USPC-ARK-2,NA,NA,NA
UT-7,CVCL_2233,UT-7,NA,NA,NA
UW228,CVCL_8585,UW228,NA,NA,NA
UWB1.289,CVCL_B079,UWB1.289,NA,NA,NA
VA-ES-BJ,CVCL_1785,VA-ES-BJ,NA,NA,NA
VAL,CVCL_1819,VAL,DLBC,DLBC,0.23
VCaP,CVCL_2235,VCaP,PRAD,PRAD,0.73
VL51,CVCL_3169,SLVL,DLBC,DLBC,0.34
VM-CUB-1,CVCL_1786,VM-CUB-1,BLCA,BLCA,0.45
VMRC-LCD,CVCL_1787,VMRC-LCD,LUAD,LUAD,0.46
VMRC-LCP,CVCL_1788,VMRC-LCP,NA,NA,NA
VMRC-MELG,CVCL_1789,VMRC-MELG,NA,NA,NA
VMRC-RCW,CVCL_1790,VMRC-RCW,NA,NA,NA
VMRC-RCZ,CVCL_1791,VMRC-RCZ,KIRC,KIRC,0.43
WERI-Rb-1,CVCL_1792,WERI-Rb-1,NA,NA,NA
WI-38,CVCL_0579,WI-38,NA,NA,NA
WIL2 NS,CVCL_2761,WIL2 NS,NA,NA,NA
Wittier,CVCL_M734,Wittier,NA,NA,NA
WM115,CVCL_0040,WM-115,SKCM,SKCM,0.64
WM1158,CVCL_6785,WM1158,NA,NA,NA
WM1366,CVCL_6789,WM1366,NA,NA,NA
WM1552C,CVCL_6472,WM1552C,SKCM,SKCM,0.5
WM1799,CVCL_A341,WM1799,NA,NA,NA
WM239A,CVCL_6795,WM239A,NA,NA,NA
WM266-4,CVCL_2765,WM266-4,NA,NA,NA
WM278,CVCL_6473,WM278,SKCM,SKCM,0.66
WM35,CVCL_0580,WM35,SKCM,SKCM,0.61
WM3629,CVCL_C275,WM3629,NA,NA,NA
WM3670,CVCL_6799,WM3670,NA,NA,NA
WM793,CVCL_8787,WM793B,SKCM,SKCM,0.36
WM88,CVCL_6805,WM88,NA,NA,NA
WM902B,CVCL_6807,WM902B,NA,NA,NA
WM983B,CVCL_6809,WM983B,NA,NA,NA
WRO,CVCL_0582,RO82-W-1,THCA,THCA,0.24
WSU-DLCL2,CVCL_1902,WSU-DLCL2,DLBC,DLBC,0.35
WSU-FSCCL,CVCL_1903,WSU-FSCCL,NA,NA,NA
WSU-HN30,CVCL_5525,WSU-HN30,NA,NA,NA
WSU-HN31,CVCL_5526,WSU-HN31,NA,NA,NA
WSU-NHL,CVCL_1793,WSU-NHL,DLBC,DLBC,0.41
WT 9-7,CVCL_K231,WT 9-7,NA,NA,NA
WT2-iPS,CVCL_ZA06,WT2-iPS,NA,NA,NA
XG-1,CVCL_4797,XG-1,NA,NA,NA
XG-6,CVCL_A771,XG-6,NA,NA,NA
Y-79,CVCL_1893,Y-79,NA,NA,NA
Yamato-SS,CVCL_6C44,Yamato-SS,NA,NA,NA
YAPC,CVCL_1794,YAPC,PAAD,PAAD,0.6
YD-10B,CVCL_8929,YD-10B,NA,NA,NA
YD-15,CVCL_8930,YD-15,NA,NA,NA
YD-38,CVCL_L083,YD-38,NA,NA,NA
YD-8,CVCL_L079,YD-8,NA,NA,NA
YH-13,CVCL_1795,YH-13,GBM,GBM,0.33
YKG-1,CVCL_1796,YKG-1,GBM,GBM,0.41
YMB-1,CVCL_2814,YMB-1,NA,NA,NA
YMB-1-E,CVCL_2815,YMB-1-E,NA,NA,NA
YSCCC,CVCL_3629,YSCCC,NA,NA,NA
YT,CVCL_1797,YT,NA,NA,NA
ZR-75-1,CVCL_0588,ZR-75-1,NA,NA,NA
ZR-75-30,CVCL_1661,ZR-75-30,BRCA,BRCA,0.53
ZR75T,CVCL_IW49,ZR75T,NA,NA,NA