"","depmap_id","cell_line_display_name","lineage_1","lineage_2","lineage_3","lineage_4"
"1","ACH-000956","22RV1","Prostate","Prostate Adenocarcinoma","",""
"2","ACH-000948","2313287","Gastric","Gastric Adenocarcinoma","",""
"3","ACH-000011","253J","Urinary Tract","Bladder Carcinoma","",""
"4","ACH-000026","253JBV","Urinary Tract","Bladder Carcinoma","",""
"5","ACH-000323","42MGBA","Central Nervous System","Glioma","Astrocytoma",""
"6","ACH-000905","5637","Urinary Tract","Bladder Carcinoma","",""
"7","ACH-000973","639V","Urinary Tract","Bladder Carcinoma","Bladder Transitional Cell",""
"8","ACH-000896","647V","Urinary Tract","Bladder Carcinoma","",""
"9","ACH-000411","769P","Kidney","Renal Cell Carcinoma","Clear Cell",""
"10","ACH-000649","786O","Kidney","Renal Cell Carcinoma","Clear Cell",""
"11","ACH-001306","8305C","Thyroid","Thyroid Carcinoma","",""
"12","ACH-001307","8505C","Thyroid","Thyroid Carcinoma","",""
"13","ACH-000137","8MGBA","Central Nervous System","Glioma","Astrocytoma",""
"14","ACH-000008","A101D","Skin","Melanoma","",""
"15","ACH-000558","A172","Central Nervous System","Glioma","Glioblastoma",""
"16","ACH-000201","A204","Soft Tissue","Malignant Rhabdoid Tumor","",""
"17","ACH-000788","A2058","Skin","Melanoma","",""
"18","ACH-000657","A2780","Ovary","Ovary Adenocarcinoma","Endometrioid",""
"19","ACH-000219","A375","Skin","Melanoma","",""
"20","ACH-000681","A549","Lung","NSCLC","NSCLC Adenocarcinoma",""
"21","ACH-000052","A673","Bone","Ewing Sarcoma","","EWS_FLI"
"22","ACH-000429","A704","Kidney","Renal Cell Carcinoma","",""
"23","ACH-000528","ABC1","Lung","NSCLC","NSCLC Adenocarcinoma",""
"24","ACH-000086","ACCMESO1","Lung","Mesothelioma","",""
"25","ACH-000046","ACHN","Kidney","Renal Cell Carcinoma","",""
"26","ACH-000880","AGS","Gastric","Gastric Adenocarcinoma","",""
"27","ACH-000940","AN3CA","Uterus","Endometrial Adenocarcinoma","",""
"28","ACH-000222","ASPC1","Pancreas","Exocrine","Exocrine Adenocarcinoma",""
"29","ACH-000593","BC3C","Urinary Tract","Bladder Carcinoma","Bladder Transitional Cell",""
"30","ACH-000456","BCPAP","Thyroid","Thyroid Carcinoma","Papillary",""
"31","ACH-001016","BECKER","Central Nervous System","Glioma","",""
"32","ACH-000603","BEN","Lung","NSCLC","",""
"33","ACH-000802","BFTC905","Urinary Tract","Bladder Carcinoma","Bladder Transitional Cell",""
"34","ACH-000792","BFTC909","Kidney","Renal Cell Carcinoma","Transitional Cell",""
"35","ACH-000191","BHT101","Thyroid","Thyroid Carcinoma","Papillary",""
"36","ACH-000503","BICR16","Upper Aerodigestive","Upper Aerodigestive Squamous","Oral",""
"37","ACH-000228","BICR31","Upper Aerodigestive","Upper Aerodigestive Squamous","Oral",""
"38","ACH-000771","BICR56","Upper Aerodigestive","Upper Aerodigestive Squamous","Oral",""
"39","ACH-000415","BICR6","Upper Aerodigestive","Upper Aerodigestive Squamous","Oral",""
"40","ACH-000927","BT474","Breast","Breast Ductal Carcinoma","ERpos HER2pos","HER2 Amp"
"41","ACH-000288","BT549","Breast","Breast Ductal Carcinoma","ERneg HER2neg","Basal B"
"42","ACH-000535","BXPC3","Pancreas","Exocrine","Exocrine Adenocarcinoma",""
"43","ACH-000210","CADOES1","Bone","Ewing Sarcoma","","EWS_ERG"
"44","ACH-000433","CAKI1","Kidney","Renal Cell Carcinoma","Clear Cell",""
"45","ACH-000212","CAL120","Breast","Breast Carcinoma","ERneg HER2neg","Basal B"
"46","ACH-000826","CAL12T","Lung","NSCLC","",""
"47","ACH-000832","CAL27","Upper Aerodigestive","Upper Aerodigestive Squamous","",""
"48","ACH-000142","CAL29","Urinary Tract","Bladder Carcinoma","Bladder Transitional Cell",""
"49","ACH-000856","CAL51","Breast","Breast Carcinoma","ERneg HER2neg","Basal B"
"50","ACH-000457","CAL54","Kidney","Renal Cell Carcinoma","",""
"51","ACH-000174","CAL62","Thyroid","Thyroid Carcinoma","Anaplastic",""
"52","ACH-000516","CAL78","Bone","Chondrosarcoma","",""
"53","ACH-000264","CALU6","Lung","NSCLC","",""
"54","ACH-000783","CAMA1","Breast","Breast Carcinoma","ERpos HER2neg","Luminal"
"55","ACH-000713","CAOV3","Ovary","Ovary Adenocarcinoma","High Grade Serous",""
"56","ACH-000107","CAPAN2","Pancreas","Exocrine","Exocrine Adenocarcinoma",""
"57","ACH-000329","CCFSTTG1","Central Nervous System","Glioma","Astrocytoma",""
"58","ACH-000138","CFPAC1","Pancreas","Exocrine","Exocrine Adenocarcinoma",""
"59","ACH-001024","CHL1","Skin","Melanoma","",""
"60","ACH-000458","CJM","Skin","Melanoma","",""
"61","ACH-000895","CL34","Colorectal","Colorectal Adenocarcinoma","","MSI"
"62","ACH-000803","COLO668","Lung","SCLC","",""
"63","ACH-000805","COLO679","Skin","Melanoma","",""
"64","ACH-000717","COLO680N","Esophagus","Esophagus Squamous","",""
"65","ACH-000582","COLO741","Skin","Melanoma","",""
"66","ACH-000812","COLO783","Skin","Melanoma","",""
"67","ACH-000968","COLO792","Skin","Melanoma","",""
"68","ACH-000401","COLO800","Skin","Melanoma","",""
"69","ACH-000161","CORL105","Lung","NSCLC","NSCLC Adenocarcinoma",""
"70","ACH-000662","CORL23","Lung","NSCLC","NSCLC Large Cell",""
"71","ACH-000278","COV362","Ovary","Ovary Adenocarcinoma","High Grade Serous",""
"72","ACH-000123","COV434","Ovary","Ovary Adenocarcinoma","Endometrioid",""
"73","ACH-000243","DANG","Pancreas","Exocrine","Exocrine Adenocarcinoma",""
"74","ACH-000211","DAOY","Central Nervous System","Medulloblastoma","","Non MYC"
"75","ACH-000863","DBTRG05MG","Central Nervous System","Glioma","Glioblastoma",""
"76","ACH-000207","DETROIT562","Upper Aerodigestive","Upper Aerodigestive Squamous","Pharynx",""
"77","ACH-000244","DKMG","Central Nervous System","Glioma","Glioblastoma",""
"78","ACH-000749","DMS273","Lung","SCLC","",""
"79","ACH-000979","DU145","Prostate","Prostate Adenocarcinoma","",""
"80","ACH-000563","EBC1","Lung","NSCLC","NSCLC Squamous",""
"81","ACH-000305","ECGI10","Esophagus","Esophagus Squamous","",""
"82","ACH-000117","EFM192A","Breast","Breast Adenocarcinoma","ERpos HER2pos","HER2 Amp"
"83","ACH-000308","EFO21","Ovary","Ovary Adenocarcinoma","Clear Cell",""
"84","ACH-000936","EFO27","Ovary","Ovary Adenocarcinoma","Endometrioid",""
"85","ACH-000978","EN","Uterus","Endometrial Adenocarcinoma","",""
"86","ACH-000906","ES2","Ovary","Ovary Adenocarcinoma","Clear Cell",""
"87","ACH-000913","ESS1","Uterus","Endometrial Stromal Sarcoma","",""
"88","ACH-000279","EWS502","Bone","Ewing Sarcoma","","EWS_FLI"
"89","ACH-000846","FADU","Upper Aerodigestive","Upper Aerodigestive Squamous","",""
"90","ACH-000903","FTC133","Thyroid","Thyroid Carcinoma","Anaplastic",""
"91","ACH-000897","FTC238","Thyroid","Thyroid Carcinoma","Follicular",""
"92","ACH-000082","G292CLONEA141B1","Bone","Osteosarcoma","",""
"93","ACH-000572","G361","Skin","Melanoma","",""
"94","ACH-000096","G401","Kidney","Malignant Rhabdoid Tumor","",""
"95","ACH-000375","G402","Soft Tissue","Malignant Rhabdoid Tumor","Renal Leiomyoblastoma",""
"96","ACH-000098","GAMG","Central Nervous System","Glioma","Glioblastoma",""
"97","ACH-000738","GB1","Central Nervous System","Glioma","Glioblastoma",""
"98","ACH-000047","GCIY","Gastric","Gastric Adenocarcinoma","",""
"99","ACH-000835","GCT","Soft Tissue","Pleomorphic Sarcoma","",""
"100","ACH-000756","GI1","Central Nervous System","Glioma","Glioblastoma",""
"101","ACH-000102","GMS10","Central Nervous System","Glioma","Glioblastoma",""
"102","ACH-000027","GOS3","Central Nervous System","Glioma","Glioblastoma",""
"103","ACH-000982","GP2D","Colorectal","Colorectal Adenocarcinoma","","MSI"
"104","ACH-000389","H4","Central Nervous System","Glioma","",""
"105","ACH-000843","HARA","Lung","NSCLC","NSCLC Squamous",""
"106","ACH-000374","HCC1143","Breast","Breast Ductal Carcinoma","ERneg HER2neg","Basal A"
"107","ACH-000868","HCC1195","Lung","NSCLC","NSCLC Adenosquamous",""
"108","ACH-000901","HCC1359","Lung","NSCLC","NSCLC Large Cell",""
"109","ACH-000277","HCC1419","Breast","Breast Ductal Carcinoma","ERpos HER2pos","HER2 Amp"
"110","ACH-000352","HCC1428","Breast","Breast Carcinoma","ERpos HER2neg","Luminal"
"111","ACH-000891","HCC1438","Lung","NSCLC","NSCLC Large Cell",""
"112","ACH-000878","HCC15","Lung","NSCLC","NSCLC Squamous",""
"113","ACH-000624","HCC1806","Breast","Breast Ductal Carcinoma","ERneg HER2neg","Basal A"
"114","ACH-000223","HCC1937","Breast","Breast Ductal Carcinoma","ERneg HER2neg","Basal A"
"115","ACH-000840","HCC366","Lung","NSCLC","NSCLC Adenosquamous",""
"116","ACH-000276","HCC38","Breast","Breast Ductal Carcinoma","ERneg HER2neg","Basal A"
"117","ACH-000066","HCC4006","Lung","NSCLC","NSCLC Adenocarcinoma",""
"118","ACH-000667","HCC44","Lung","NSCLC","NSCLC Adenocarcinoma",""
"119","ACH-000467","HCC56","Colorectal","Colorectal Adenocarcinoma","",""
"120","ACH-000562","HCC78","Lung","NSCLC","NSCLC Adenocarcinoma",""
"121","ACH-000012","HCC827","Lung","NSCLC","NSCLC Adenocarcinoma",""
"122","ACH-000454","HCC95","Lung","NSCLC","NSCLC Squamous",""
"123","ACH-000971","HCT116","Colorectal","Colorectal Adenocarcinoma","","MSI"
"124","ACH-000997","HCT15","Colorectal","Colorectal Adenocarcinoma","","MSI"
"125","ACH-000643","HDQP1","Breast","Breast Ductal Carcinoma","ERneg HER2neg","Basal A"
"126","ACH-000990","HEC108","Uterus","Endometrial Adenocarcinoma","",""
"127","ACH-000972","HEC151","Uterus","Endometrial Adenocarcinoma","",""
"128","ACH-000954","HEC1A","Uterus","Endometrial Adenocarcinoma","",""
"129","ACH-000941","HEC1B","Uterus","Endometrial Adenocarcinoma","",""
"130","ACH-000996","HEC251","Uterus","Endometrial Adenocarcinoma","",""
"131","ACH-000946","HEC265","Uterus","Endometrial Adenocarcinoma","",""
"132","ACH-000994","HEC59","Uterus","Endometrial Adenocarcinoma","",""
"133","ACH-000984","HEC6","Uterus","Endometrial Adenocarcinoma","",""
"134","ACH-000625","HEP3B217","Liver","Hepatocellular Carcinoma","",""
"135","ACH-000542","HEYA8","Ovary","Ovary Adenocarcinoma","Low Grade Serous",""
"136","ACH-000847","HGC27","Gastric","Gastric Adenocarcinoma","",""
"137","ACH-000393","HLF","Liver","Hepatocellular Carcinoma","",""
"138","ACH-000721","HMC18","Breast","Breast Carcinoma","ERneg HER2neg","Basal B"
"139","ACH-000613","HOS","Bone","Osteosarcoma","",""
"140","ACH-000270","HPAC","Pancreas","Exocrine","Exocrine Adenocarcinoma",""
"141","ACH-000014","HS294T","Skin","Melanoma","",""
"142","ACH-000133","HS729","Fibroblast","Fibroblast Soft Tissue","",""
"143","ACH-000178","HS766T","Pancreas","Exocrine","Exocrine Adenocarcinoma",""
"144","ACH-000274","HS852T","Skin","Melanoma","",""
"145","ACH-000814","HS939T","Skin","Melanoma","",""
"146","ACH-000632","HS944T","Skin","Melanoma","",""
"147","ACH-000472","HSC2","Upper Aerodigestive","Upper Aerodigestive Squamous","",""
"148","ACH-000778","HSC3","Upper Aerodigestive","Upper Aerodigestive Squamous","",""
"149","ACH-000054","HT1080","Soft Tissue","Fibrosarcoma","",""
"150","ACH-000724","HT1376","Urinary Tract","Bladder Carcinoma","",""
"151","ACH-000322","HT144","Skin","Melanoma","",""
"152","ACH-000552","HT29","Colorectal","Colorectal Adenocarcinoma","",""
"153","ACH-000926","HT55","Colorectal","Colorectal Adenocarcinoma","",""
"154","ACH-000976","HUCCT1","Bile Duct","Cholangiocarcinoma","Intrahepatic",""
"155","ACH-000808","HUH28","Bile Duct","Cholangiocarcinoma","Intrahepatic",""
"156","ACH-000671","HUH6","Liver","Hepatoblastoma","",""
"157","ACH-000480","HUH7","Liver","Hepatocellular Carcinoma","",""
"158","ACH-000118","HUPT3","Pancreas","Exocrine","Exocrine Adenocarcinoma",""
"159","ACH-000672","IALM","Lung","NSCLC","NSCLC Large Cell",""
"160","ACH-000882","IGR1","Skin","Melanoma","",""
"161","ACH-000650","IGR37","Skin","Melanoma","",""
"162","ACH-000966","IGROV1","Ovary","Ovary Adenocarcinoma","Mixed Endometrioid Clear Cell",""
"163","ACH-000919","IM95","Gastric","Gastric Adenocarcinoma","",""
"164","ACH-000915","IPC298","Skin","Melanoma","",""
"165","ACH-000961","ISHIKAWAHERAKLIO02ER","Uterus","Endometrial Adenocarcinoma","",""
"166","ACH-000569","ISTMES1","Lung","Mesothelioma","",""
"167","ACH-000331","ISTMES2","Lung","Mesothelioma","",""
"168","ACH-000396","J82","Urinary Tract","Bladder Carcinoma","Bladder Transitional Cell",""
"169","ACH-000620","JHH1","Liver","Hepatocellular Carcinoma","",""
"170","ACH-000476","JHH4","Liver","Hepatocellular Carcinoma","",""
"171","ACH-000734","JHH5","Liver","Hepatocellular Carcinoma","",""
"172","ACH-000217","JHH6","Liver","Hepatocellular Carcinoma","",""
"173","ACH-000848","JHH7","Liver","Hepatocellular Carcinoma","",""
"174","ACH-000324","JHOC5","Ovary","Ovary Adenocarcinoma","Clear Cell",""
"175","ACH-000237","JHOM1","Ovary","Ovary Adenocarcinoma","Mucinous",""
"176","ACH-000132","JHOS2","Ovary","Ovary Adenocarcinoma","High Grade Serous",""
"177","ACH-000909","JHUEM2","Uterus","Endometrial Adenocarcinoma","",""
"178","ACH-000711","JIMT1","Breast","Breast Ductal Carcinoma","ERneg HER2pos","Basal A"
"179","ACH-000753","JMSU1","Urinary Tract","Bladder Carcinoma","",""
"180","ACH-000404","K029AX","Skin","Melanoma","",""
"181","ACH-000231","KALS1","Central Nervous System","Glioma","Glioblastoma",""
"182","ACH-000259","KELLY","Peripheral Nervous System","Neuroblastoma","","MYCN Amp"
"183","ACH-000862","KMBC2","Urinary Tract","Bladder Carcinoma","",""
"184","ACH-000684","KMRC1","Kidney","Renal Cell Carcinoma","Clear Cell",""
"185","ACH-000250","KMRC20","Kidney","Renal Cell Carcinoma","",""
"186","ACH-000313","KMRC3","Kidney","Renal Cell Carcinoma","Clear Cell",""
"187","ACH-000622","KNS42","Central Nervous System","Glioma","Glioblastoma",""
"188","ACH-000445","KNS60","Central Nervous System","Glioma","Glioblastoma",""
"189","ACH-000858","KNS62","Lung","NSCLC","NSCLC Squamous",""
"190","ACH-000479","KNS81","Central Nervous System","Glioma","Glioblastoma",""
"191","ACH-000281","KP2","Pancreas","Exocrine","Exocrine Adenocarcinoma",""
"192","ACH-000108","KP3","Pancreas","Exocrine","Exocrine Adenosquamous",""
"193","ACH-000265","KP4","Pancreas","Exocrine","Exocrine Adenocarcinoma",""
"194","ACH-000486","KU1919","Urinary Tract","Bladder Carcinoma","Bladder Transitional Cell",""
"195","ACH-000524","KURAMOCHI","Ovary","Ovary Adenocarcinoma","High Grade Serous",""
"196","ACH-000823","KYSE140","Esophagus","Esophagus Squamous","",""
"197","ACH-000855","KYSE150","Esophagus","Esophagus Squamous","",""
"198","ACH-000693","KYSE180","Esophagus","Esophagus Squamous","",""
"199","ACH-000873","KYSE270","Esophagus","Esophagus Squamous","",""
"200","ACH-000777","KYSE30","Esophagus","Esophagus Squamous","",""
"201","ACH-000809","KYSE410","Esophagus","Esophagus Squamous","",""
"202","ACH-000824","KYSE510","Esophagus","Esophagus Squamous","",""
"203","ACH-000637","KYSE520","Esophagus","Esophagus Squamous","",""
"204","ACH-000784","KYSE70","Esophagus","Esophagus Squamous","",""
"205","ACH-000685","L33","Pancreas","Exocrine","Exocrine Adenosquamous",""
"206","ACH-001113","LC1SQSF","Lung","NSCLC","NSCLC Squamous",""
"207","ACH-000627","LCLC103H","Lung","NSCLC","NSCLC Large Cell",""
"208","ACH-000471","LI7","Liver","","",""
"209","ACH-000769","LK2","Lung","NSCLC","NSCLC Squamous",""
"210","ACH-000255","LMSU","Gastric","Gastric Adenocarcinoma","",""
"211","ACH-000819","LN18","Central Nervous System","Glioma","Glioblastoma",""
"212","ACH-000595","LN229","Central Nervous System","Glioma","Glioblastoma",""
"213","ACH-000977","LNCAPCLONEFGC","Prostate","Prostate Adenocarcinoma","",""
"214","ACH-000176","LOUNH91","Lung","NSCLC","NSCLC Squamous",""
"215","ACH-000950","LOVO","Colorectal","Colorectal Adenocarcinoma","","MSI"
"216","ACH-000750","LOXIMVI","Skin","Melanoma","",""
"217","ACH-000252","LS1034","Colorectal","Colorectal Adenocarcinoma","",""
"218","ACH-000957","LS180","Colorectal","Colorectal Adenocarcinoma","","MSI"
"219","ACH-000985","LS411N","Colorectal","Colorectal Adenocarcinoma","","MSI"
"220","ACH-000007","LS513","Colorectal","Colorectal Adenocarcinoma","",""
"221","ACH-000444","LU99","Lung","NSCLC","NSCLC Large Cell",""
"222","ACH-000390","LUDLU1","Lung","NSCLC","NSCLC Squamous",""
"223","ACH-000787","LXF289","Lung","NSCLC","NSCLC Adenocarcinoma",""
"224","ACH-000477","MALME3M","Skin","Melanoma","",""
"225","ACH-000796","MCAS","Ovary","Ovary Adenocarcinoma","Mucinous",""
"226","ACH-000019","MCF7","Breast","Breast Carcinoma","ERpos HER2neg","Luminal"
"227","ACH-000759","MDAMB175VII","Breast","Breast Ductal Carcinoma","ERpos HER2neg","HER2 Amp"
"228","ACH-000768","MDAMB231","Breast","Breast Carcinoma","ERneg HER2neg","Basal B"
"229","ACH-000884","MDAMB435S","Skin","Melanoma","Amelanotic",""
"230","ACH-000573","MDAMB436","Breast","Breast Carcinoma","ERneg HER2neg","Basal B"
"231","ACH-000849","MDAMB468","Breast","Breast Carcinoma","ERneg HER2neg","Basal A"
"232","ACH-000450","MELHO","Skin","Melanoma","",""
"233","ACH-000881","MELJUSO","Skin","Melanoma","",""
"234","ACH-000449","MESSA","Soft Tissue","Uterine Sarcoma","",""
"235","ACH-000987","MEWO","Skin","Melanoma","",""
"236","ACH-000192","MFE280","Uterus","Endometrial Adenocarcinoma","",""
"237","ACH-000879","MFE296","Uterus","Endometrial Adenocarcinoma","",""
"238","ACH-000988","MFE319","Uterus","Endometrial Adenocarcinoma","",""
"239","ACH-000359","MG63","Bone","Osteosarcoma","",""
"240","ACH-000391","MHHES1","Bone","Ewing Sarcoma","","EWS_FLI"
"241","ACH-000601","MIAPACA2","Pancreas","Exocrine","Exocrine Adenocarcinoma",""
"242","ACH-000351","MKN1","Gastric","Gastric Adenocarcinoma","",""
"243","ACH-000356","MKN45","Gastric","Gastric Adenocarcinoma","Diffuse Gastric",""
"244","ACH-000678","MKN7","Gastric","Gastric Adenocarcinoma","Tubular",""
"245","ACH-000758","MKN74","Gastric","Gastric Adenocarcinoma","",""
"246","ACH-001128","MON","Soft Tissue","Malignant Rhabdoid Tumor","",""
"247","ACH-000319","MPP89","Lung","Mesothelioma","",""
"248","ACH-000335","MSTO211H","Lung","Mesothelioma","",""
"249","ACH-000804","NB1","Peripheral Nervous System","Neuroblastoma","","MYCN Amp"
"250","ACH-000866","NCIH1048","Lung","SCLC","",""
"251","ACH-000510","NCIH1299","Lung","NSCLC","NSCLC Large Cell",""
"252","ACH-000921","NCIH1339","Lung","SCLC","",""
"253","ACH-000666","NCIH1355","Lung","NSCLC","NSCLC Adenocarcinoma",""
"254","ACH-000845","NCIH1373","Lung","NSCLC","NSCLC Adenocarcinoma",""
"255","ACH-000852","NCIH1435","Lung","NSCLC","NSCLC Adenocarcinoma",""
"256","ACH-000589","NCIH1437","Lung","NSCLC","NSCLC Adenocarcinoma",""
"257","ACH-000892","NCIH1563","Lung","NSCLC","NSCLC Adenocarcinoma",""
"258","ACH-000869","NCIH1568","Lung","NSCLC","NSCLC Adenocarcinoma",""
"259","ACH-000916","NCIH1573","Lung","NSCLC","NSCLC Adenocarcinoma",""
"260","ACH-000015","NCIH1581","Lung","NSCLC","NSCLC Large Cell",""
"261","ACH-000744","NCIH1623","Lung","NSCLC","NSCLC Adenocarcinoma",""
"262","ACH-000766","NCIH1648","Lung","NSCLC","NSCLC Adenocarcinoma",""
"263","ACH-000035","NCIH1650","Lung","NSCLC","NSCLC Adenocarcinoma",""
"264","ACH-000893","NCIH1651","Lung","NSCLC","NSCLC Adenocarcinoma",""
"265","ACH-000021","NCIH1693","Lung","NSCLC","NSCLC Adenocarcinoma",""
"266","ACH-000747","NCIH1703","Lung","NSCLC","NSCLC Squamous",""
"267","ACH-000496","NCIH1792","Lung","NSCLC","NSCLC Adenocarcinoma",""
"268","ACH-000888","NCIH1793","Lung","NSCLC","NSCLC Adenocarcinoma",""
"269","ACH-000733","NCIH1838","Lung","NSCLC","NSCLC Adenocarcinoma",""
"270","ACH-000434","NCIH1915","Lung","NSCLC","NSCLC Large Cell",""
"271","ACH-000414","NCIH1944","Lung","NSCLC","NSCLC Adenocarcinoma",""
"272","ACH-000587","NCIH1975","Lung","NSCLC","NSCLC Adenocarcinoma",""
"273","ACH-000886","NCIH2009","Lung","NSCLC","NSCLC Adenocarcinoma",""
"274","ACH-000781","NCIH2023","Lung","NSCLC","NSCLC Adenocarcinoma",""
"275","ACH-000521","NCIH2030","Lung","NSCLC","NSCLC Adenocarcinoma",""
"276","ACH-000153","NCIH2052","Lung","Mesothelioma","",""
"277","ACH-000841","NCIH2087","Lung","NSCLC","NSCLC Adenocarcinoma",""
"278","ACH-000929","NCIH2110","Lung","NSCLC","",""
"279","ACH-000311","NCIH2122","Lung","NSCLC","NSCLC Adenocarcinoma",""
"280","ACH-000785","NCIH2126","Lung","NSCLC","NSCLC Adenocarcinoma",""
"281","ACH-000481","NCIH2170","Lung","NSCLC","NSCLC Squamous",""
"282","ACH-000924","NCIH2172","Lung","NSCLC","",""
"283","ACH-000447","NCIH2228","Lung","NSCLC","NSCLC Adenocarcinoma",""
"284","ACH-000367","NCIH226","Lung","NSCLC","NSCLC Squamous",""
"285","ACH-000900","NCIH23","Lung","NSCLC","NSCLC Adenocarcinoma",""
"286","ACH-000875","NCIH2347","Lung","NSCLC","NSCLC Adenocarcinoma",""
"287","ACH-000186","NCIH2444","Lung","NSCLC","",""
"288","ACH-000092","NCIH2452","Lung","Mesothelioma","",""
"289","ACH-000648","NCIH28","Lung","Mesothelioma","",""
"290","ACH-001075","NCIH292","Lung","NSCLC","NSCLC Mucoepidermoid",""
"291","ACH-000837","NCIH322","Lung","NSCLC","NSCLC Adenocarcinoma",""
"292","ACH-000860","NCIH358","Lung","NSCLC","NSCLC Adenocarcinoma",""
"293","ACH-000800","NCIH446","Lung","SCLC","",""
"294","ACH-000463","NCIH460","Lung","NSCLC","NSCLC Large Cell",""
"295","ACH-000395","NCIH520","Lung","NSCLC","NSCLC Squamous",""
"296","ACH-000343","NCIH522","Lung","NSCLC","NSCLC Adenocarcinoma",""
"297","ACH-000628","NCIH596","Lung","NSCLC","NSCLC Adenosquamous",""
"298","ACH-000945","NCIH650","Lung","NSCLC","NSCLC Adenocarcinoma",""
"299","ACH-000853","NCIH661","Lung","NSCLC","NSCLC Large Cell",""
"300","ACH-000775","NCIH727","Lung","Lung Carcinoid","",""
"301","ACH-000403","NCIH747","Colorectal","Colorectal Adenocarcinoma","",""
"302","ACH-000416","NCIH838","Lung","NSCLC","NSCLC Adenocarcinoma",""
"303","ACH-000292","NCIH841","Lung","SCLC","",""
"304","ACH-000427","NCIN87","Gastric","Gastric Adenocarcinoma","Tubular",""
"305","ACH-000911","NUGC3","Gastric","Gastric Adenocarcinoma","",""
"306","ACH-000674","NUGC4","Gastric","Gastric Adenocarcinoma","Diffuse Gastric",""
"307","ACH-000704","OAW42","Ovary","Ovary Carcinoma","",""
"308","ACH-000962","OC314","Ovary","Ovary Adenocarcinoma","Clear Cell",""
"309","ACH-001145","OC316","Ovary","Ovary Adenocarcinoma","Serous",""
"310","ACH-000679","OE19","Esophagus","Esophagus Squamous","Laryngeal",""
"311","ACH-000544","OE21","Esophagus","Esophagus Squamous","",""
"312","ACH-000383","OE33","Esophagus","Esophagus Adenocarcinoma","",""
"313","ACH-000013","ONCODG1","Ovary","Ovary Adenocarcinoma","High Grade Serous",""
"314","ACH-000776","ONS76","Central Nervous System","Medulloblastoma","","Non MYC"
"315","ACH-000159","OSRC2","Kidney","Renal Cell Carcinoma","",""
"316","ACH-000296","OUMS23","Colorectal","Colorectal Adenocarcinoma","",""
"317","ACH-000091","OV56","Ovary","Ovary Adenocarcinoma","Serous",""
"318","ACH-000688","OV7","Ovary","Ovary Adenocarcinoma","Mixed Serous Clear Cell",""
"319","ACH-000696","OVCAR8","Ovary","Ovary Adenocarcinoma","High Grade Serous",""
"320","ACH-000527","OVISE","Ovary","Ovary Adenocarcinoma","Clear Cell",""
"321","ACH-000947","OVK18","Ovary","Ovary Adenocarcinoma","Endometrioid",""
"322","ACH-000663","OVTOKO","Ovary","Ovary Adenocarcinoma","Clear Cell",""
"323","ACH-000042","PANC0203","Pancreas","Exocrine","Exocrine Adenocarcinoma",""
"324","ACH-000139","PANC0327","Pancreas","Exocrine","Exocrine Adenocarcinoma",""
"325","ACH-000235","PANC0403","Pancreas","Exocrine","Exocrine Adenocarcinoma",""
"326","ACH-000417","PANC0813","Pancreas","Exocrine","Exocrine Adenocarcinoma",""
"327","ACH-000164","PANC1","Pancreas","Exocrine","Exocrine Adenocarcinoma",""
"328","ACH-000060","PANC1005","Pancreas","Exocrine","Exocrine Adenocarcinoma",""
"329","ACH-000599","PATU8902","Pancreas","Exocrine","Exocrine Adenocarcinoma",""
"330","ACH-000022","PATU8988S","Pancreas","Exocrine","Exocrine Adenocarcinoma",""
"331","ACH-000023","PATU8988T","Pancreas","Exocrine","Exocrine Adenocarcinoma",""
"332","ACH-000030","PC14","Lung","NSCLC","NSCLC Adenocarcinoma",""
"333","ACH-000090","PC3","Prostate","Prostate Adenocarcinoma","",""
"334","ACH-000619","PECAPJ15","Upper Aerodigestive","Upper Aerodigestive Squamous","Oral",""
"335","ACH-000732","PECAPJ41CLONED2","Upper Aerodigestive","Upper Aerodigestive Squamous","Oral",""
"336","ACH-000735","PECAPJ49","Upper Aerodigestive","Upper Aerodigestive Squamous","Oral",""
"337","ACH-000307","PK1","Pancreas","Exocrine","Exocrine Adenocarcinoma",""
"338","ACH-000468","PK45H","Pancreas","Exocrine","Exocrine Adenocarcinoma",""
"339","ACH-000205","PK59","Pancreas","Exocrine","Exocrine Adenocarcinoma",""
"340","ACH-001318","PLCPRF5","Liver","Hepatocellular Carcinoma","",""
"341","ACH-000320","PSN1","Pancreas","Exocrine","Exocrine Adenocarcinoma",""
"342","ACH-000347","QGP1","Pancreas","Endocrine","Somatostatinoma",""
"343","ACH-000189","RCC10RGB","Kidney","Renal Cell Carcinoma","",""
"344","ACH-000565","RCM1","Colorectal","Colorectal Adenocarcinoma","",""
"345","ACH-000169","RD","Soft Tissue","Rhabdomyosarcoma","Embryonal",""
"346","ACH-000791","RERFLCAD1","Lung","NSCLC","NSCLC Adenocarcinoma",""
"347","ACH-000774","RERFLCAD2","Lung","NSCLC","NSCLC Adenocarcinoma",""
"348","ACH-000261","RERFLCAI","Lung","NSCLC","NSCLC Squamous",""
"349","ACH-000482","RERFLCKJ","Lung","NSCLC","NSCLC Adenocarcinoma",""
"350","ACH-000062","RERFLCMS","Lung","NSCLC","NSCLC Adenocarcinoma",""
"351","ACH-000833","RH30","Soft Tissue","Rhabdomyosarcoma","Alveolar",""
"352","ACH-000505","RKN","Soft Tissue","Leiomyosarcoma","",""
"353","ACH-000943","RKO","Colorectal","Colorectal Adenocarcinoma","","MSI"
"354","ACH-000965","RL952","Uterus","Endometrial Adenosquamous","",""
"355","ACH-000719","RMGI","Ovary","Ovary Adenocarcinoma","Clear Cell",""
"356","ACH-000701","RMUGS","Ovary","Ovary Adenocarcinoma","Mucinous",""
"357","ACH-000473","RT112","Urinary Tract","Bladder Carcinoma","Bladder Transitional Cell",""
"358","ACH-000242","RT4","Urinary Tract","Bladder Carcinoma","Bladder Transitional Cell",""
"359","ACH-000614","RVH421","Skin","Melanoma","",""
"360","ACH-000037","S117","Soft Tissue","Thyroid Sarcoma","",""
"361","ACH-000670","SBC5","Lung","SCLC","",""
"362","ACH-000839","SCABER","Urinary Tract","Bladder Carcinoma","Bladder Squamous",""
"363","ACH-000188","SCC25","Upper Aerodigestive","Upper Aerodigestive Squamous","",""
"364","ACH-000609","SF126","Central Nervous System","Glioma","Astrocytoma",""
"365","ACH-000376","SF295","Central Nervous System","Glioma","Glioblastoma",""
"366","ACH-000273","SF539","Central Nervous System","Glioma","",""
"367","ACH-000764","SH10TC","Gastric","Gastric Adenocarcinoma","Mucinous",""
"368","ACH-000441","SH4","Skin","Melanoma","",""
"369","ACH-000099","SIMA","Peripheral Nervous System","Neuroblastoma","",""
"370","ACH-000748","SJSA1","Bone","Osteosarcoma","",""
"371","ACH-000087","SKES1","Bone","Ewing Sarcoma","","EWS_FLI"
"372","ACH-000361","SKHEP1","Liver","Hepatocellular Carcinoma","",""
"373","ACH-000309","SKLU1","Lung","NSCLC","NSCLC Adenocarcinoma",""
"374","ACH-001190","SKMEL2","Skin","Melanoma","",""
"375","ACH-000822","SKMEL24","Skin","Melanoma","",""
"376","ACH-000423","SKMEL3","Skin","Melanoma","",""
"377","ACH-000810","SKMEL30","Skin","Melanoma","",""
"378","ACH-000730","SKMEL5","Skin","Melanoma","",""
"379","ACH-000665","SKMES1","Lung","NSCLC","NSCLC Squamous",""
"380","ACH-000260","SKNAS","Peripheral Nervous System","Neuroblastoma","",""
"381","ACH-000312","SKNBE2","Peripheral Nervous System","Neuroblastoma","","MYCN Amp"
"382","ACH-000811","SKOV3","Ovary","Ovary Adenocarcinoma","Endometrioid",""
"383","ACH-000939","SKUT1","Soft Tissue","Leiomyosarcoma","",""
"384","ACH-000504","SNB75","Central Nervous System","Glioma","",""
"385","ACH-000974","SNGM","Uterus","Endometrial Adenocarcinoma","",""
"386","ACH-000618","SNU1041","Upper Aerodigestive","Upper Aerodigestive Squamous","Hypopharyngeal",""
"387","ACH-000682","SNU1066","Upper Aerodigestive","Upper Aerodigestive Squamous","",""
"388","ACH-000549","SNU1076","Upper Aerodigestive","Upper Aerodigestive Squamous","Laryngeal",""
"389","ACH-000302","SNU1077","Uterus","Mullerian Carcinoma","",""
"390","ACH-000209","SNU1079","Bile Duct","Cholangiocarcinoma","Intrahepatic",""
"391","ACH-000368","SNU1105","Central Nervous System","Glioma","Glioblastoma",""
"392","ACH-000461","SNU1196","Bile Duct","Cholangiocarcinoma","Extrahepatic",""
"393","ACH-000715","SNU1214","Upper Aerodigestive","Upper Aerodigestive Squamous","Laryngeal",""
"394","ACH-000266","SNU213","Pancreas","Exocrine","Exocrine Adenocarcinoma",""
"395","ACH-000268","SNU245","Bile Duct","Cholangiocarcinoma","Extrahepatic",""
"396","ACH-000141","SNU308","Bile Duct","Gallbladder Adenocarcinoma","",""
"397","ACH-000221","SNU398","Liver","Hepatocellular Carcinoma","",""
"398","ACH-000955","SNU407","Colorectal","Colorectal Adenocarcinoma","","MSI"
"399","ACH-000517","SNU410","Pancreas","Exocrine","Exocrine Adenocarcinoma",""
"400","ACH-000493","SNU423","Liver","Hepatocellular Carcinoma","",""
"401","ACH-000420","SNU449","Liver","Hepatocellular Carcinoma","",""
"402","ACH-000500","SNU46","Upper Aerodigestive","Upper Aerodigestive Squamous","Laryngeal",""
"403","ACH-000289","SNU466","Central Nervous System","Glioma","Glioblastoma",""
"404","ACH-000736","SNU601","Gastric","Gastric Adenocarcinoma","Signet Ring Cell",""
"405","ACH-000532","SNU61","Colorectal","Colorectal Adenocarcinoma","",""
"406","ACH-000344","SNU668","Gastric","Gastric Adenocarcinoma","Diffuse Gastric",""
"407","ACH-000407","SNU685","Uterus","MMMT","",""
"408","ACH-000898","SNU719","Gastric","Gastric Adenocarcinoma","Tubular",""
"409","ACH-000537","SNU761","Liver","Hepatocellular Carcinoma","",""
"410","ACH-000991","SNU81","Colorectal","Colorectal Adenocarcinoma","",""
"411","ACH-000280","SNU840","Ovary","Brenner Tumor","",""
"412","ACH-000182","SNU869","Bile Duct","Cholangiocarcinoma","Extrahepatic",""
"413","ACH-000316","SNU886","Liver","Hepatocellular Carcinoma","",""
"414","ACH-000967","SNUC2A","Colorectal","Colorectal Adenocarcinoma","","MSI"
"415","ACH-000959","SNUC4","Colorectal","Colorectal Adenocarcinoma","","MSI"
"416","ACH-000970","SNUC5","Colorectal","Colorectal Adenocarcinoma","",""
"417","ACH-000553","SQ1","Lung","NSCLC","NSCLC Squamous",""
"418","ACH-000652","SUIT2","Pancreas","Exocrine","Exocrine Adenocarcinoma",""
"419","ACH-000437","SW1088","Central Nervous System","Glioma","Astrocytoma",""
"420","ACH-000890","SW1271","Lung","SCLC","",""
"421","ACH-000418","SW1353","Bone","Chondrosarcoma","",""
"422","ACH-000677","SW1573","Lung","NSCLC","NSCLC Adenocarcinoma",""
"423","ACH-000566","SW1710","Urinary Tract","Bladder Carcinoma","Bladder Transitional Cell",""
"424","ACH-000155","SW1990","Pancreas","Exocrine","Exocrine Adenocarcinoma",""
"425","ACH-000958","SW48","Colorectal","Colorectal Adenocarcinoma","","MSI"
"426","ACH-000842","SW480","Colorectal","Colorectal Adenocarcinoma","",""
"427","ACH-000163","SW579","Thyroid","Thyroid Squamous","",""
"428","ACH-000651","SW620","Colorectal","Colorectal Adenocarcinoma","",""
"429","ACH-000384","SW780","Urinary Tract","Bladder Carcinoma","Bladder Transitional Cell",""
"430","ACH-000421","SW837","Colorectal","Colorectal Adenocarcinoma","",""
"431","ACH-000669","SW900","Lung","NSCLC","NSCLC Squamous",""
"432","ACH-000680","SW948","Colorectal","Colorectal Adenocarcinoma","",""
"433","ACH-000018","T24","Urinary Tract","Bladder Carcinoma","",""
"434","ACH-000813","T3M10","Lung","NSCLC","NSCLC Large Cell",""
"435","ACH-000147","T47D","Breast","Breast Ductal Carcinoma","ERpos HER2neg","Luminal"
"436","ACH-000571","T98G","Central Nervous System","Glioma","Glioblastoma",""
"437","ACH-000502","TCCPAN2","Pancreas","Exocrine","Exocrine Adenocarcinoma",""
"438","ACH-000720","TCCSUP","Urinary Tract","Bladder Carcinoma","Bladder Transitional Cell",""
"439","ACH-000561","TDOTT","Esophagus","Esophagus Squamous","",""
"440","ACH-000647","TE1","Esophagus","Esophagus Squamous","",""
"441","ACH-000318","TE10","Esophagus","Esophagus Squamous","",""
"442","ACH-000488","TE11","Esophagus","Esophagus Squamous","",""
"443","ACH-000726","TE14","Esophagus","Esophagus Squamous","",""
"444","ACH-000917","TE4","Esophagus","Esophagus Squamous","",""
"445","ACH-000408","TE5","Esophagus","Esophagus Squamous","",""
"446","ACH-000605","TE6","Esophagus","Esophagus Squamous","",""
"447","ACH-000452","TE8","Esophagus","Esophagus Squamous","",""
"448","ACH-000694","TE9","Esophagus","Esophagus Squamous","",""
"449","ACH-000397","TEN","Uterus","Clear Cell Carcinoma","",""
"450","ACH-000592","TM31","Central Nervous System","Glioma","",""
"451","ACH-000172","TM87","Soft Tissue","Malignant Rhabdoid Tumor","",""
"452","ACH-000048","TOV112D","Ovary","Ovary Adenocarcinoma","Endometrioid",""
"453","ACH-000885","TOV21G","Ovary","Ovary Adenocarcinoma","Clear Cell",""
"454","ACH-001321","TT","Thyroid","Thyroid Squamous","",""
"455","ACH-000716","TT2609C02","Thyroid","Thyroid Carcinoma","Follicular",""
"456","ACH-000495","TUHR4TKB","Kidney","Renal Cell Carcinoma","",""
"457","ACH-000040","U118MG","Central Nervous System","Glioma","Astrocytoma",""
"458","ACH-000232","U251MG","Central Nervous System","Glioma","Astrocytoma",""
"459","ACH-000364","U2OS","Bone","Osteosarcoma","",""
"460","ACH-000579","UACC257","Skin","Melanoma","",""
"461","ACH-000425","UACC62","Skin","Melanoma","",""
"462","ACH-000741","UBLC1","Urinary Tract","Bladder Carcinoma","Bladder Transitional Cell",""
"463","ACH-000834","UMUC1","Urinary Tract","Bladder Carcinoma","Bladder Transitional Cell",""
"464","ACH-000428","UO31","Kidney","Renal Cell Carcinoma","",""
"465","ACH-000545","VMCUB1","Urinary Tract","Bladder Carcinoma","Bladder Transitional Cell",""
"466","ACH-000484","VMRCRCW","Kidney","Renal Cell Carcinoma","",""
"467","ACH-000171","VMRCRCZ","Kidney","Renal Cell Carcinoma","",""
"468","ACH-000661","WM1799","Skin","Melanoma","",""
"469","ACH-001239","WM2664","Skin","Melanoma","",""
"470","ACH-000827","WM793","Skin","Melanoma","",""
"471","ACH-000899","WM88","Skin","Melanoma","",""
"472","ACH-000765","WM983B","Skin","Melanoma","",""
"473","ACH-000332","YAPC","Pancreas","Exocrine","Exocrine Adenocarcinoma",""
"474","ACH-000723","YD10B","Upper Aerodigestive","Upper Aerodigestive Squamous","Tongue",""
"475","ACH-000836","YD15","Upper Aerodigestive","Upper Aerodigestive Squamous","Tongue",""
"476","ACH-000762","YD38","Upper Aerodigestive","Upper Aerodigestive Squamous","",""
"477","ACH-000630","YD8","Upper Aerodigestive","Upper Aerodigestive Squamous","Tongue",""
"478","ACH-000469","YH13","Central Nervous System","Glioma","Glioblastoma",""
"479","ACH-000570","YKG1","Central Nervous System","Glioma","Glioblastoma",""
"480","ACH-000097","ZR751","Breast","Breast Ductal Carcinoma","ERpos HER2neg","Luminal"
